parameterization,ell,z_m,kr_bg_m-1,w0_bg_m,lg_r_rms_m,bg_r_rms_m,relative_difference_percent
fixed_w0_adjust_kr,1,0.0,77.76066859809801,0.04,0.025,0.025000000004475633,1.790252668332215e-08
fixed_w0_adjust_kr,1,62.5,77.76066859809801,0.04,0.025005071066585213,0.025005564877011124,0.001974841121611576
fixed_w0_adjust_kr,1,125.0,77.76066859809801,0.04,0.025020278099571705,0.025022252068954656,0.007889478186835327
fixed_w0_adjust_kr,1,187.5,77.76066859809801,0.04,0.02504560264464796,0.02505003936488023,0.017714567683671894
fixed_w0_adjust_kr,1,250.0,77.76066859809801,0.04,0.025081014028934905,0.025088889846660765,0.03140151238213171
fixed_w0_adjust_kr,1,312.5,77.76066859809801,0.04,0.025126469751716184,0.025138752369830417,0.04888318269777377
fixed_w0_adjust_kr,1,375.0,77.76066859809801,0.04,0.025181915084726714,0.025199561267150093,0.07007482299898965
fixed_w0_adjust_kr,1,437.5,77.76066859809801,0.04,0.025247284710031567,0.02527123800737565,0.0948747464101204
fixed_w0_adjust_kr,1,500.0,77.76066859809801,0.04,0.025322501039165078,0.02535368955951313,0.12316524461708203
fixed_w0_adjust_kr,1,562.5,77.76066859809801,0.04,0.025407477564117896,0.025446812657202365,0.15481699426951484
fixed_w0_adjust_kr,1,625.0,77.76066859809801,0.04,0.025502116161911514,0.02555048888329276,0.18968120556793044
fixed_w0_adjust_kr,1,687.5,77.76066859809801,0.04,0.025606309131885847,0.025664591173673323,0.22760813160261842
fixed_w0_adjust_kr,1,750.0,77.76066859809801,0.04,0.02571994147228052,0.025788981204305946,0.26842880688446885
fixed_w0_adjust_kr,1,812.5,77.76066859809801,0.04,0.025842887651257626,0.025923510484424026,0.311973004930337
fixed_w0_adjust_kr,1,875.0,77.76066859809801,0.04,0.025975017630745945,0.02606802411059098,0.35806127705932933
fixed_w0_adjust_kr,1,937.5,77.76066859809801,0.04,0.026116187671096032,0.026222352790517944,0.4065107846479807
fixed_w0_adjust_kr,1,1000.0,77.76066859809801,0.04,0.02626625659499351,0.026386327831839085,0.45713113481294476
fixed_w0_adjust_kr,2,0.0,93.29526460461886,0.04,0.03061862178478973,0.030618621776957407,-2.5580255218203473e-08
fixed_w0_adjust_kr,2,62.5,93.29526460461886,0.04,0.030624832545896315,0.030625200516599383,0.0012015435595156012
fixed_w0_adjust_kr,2,125.0,93.29526460461886,0.04,0.030643457276501293,0.0306449282617298,0.004800323981832085
fixed_w0_adjust_kr,2,187.5,93.29526460461886,0.04,0.030674473399969645,0.03067777971404028,0.010778715016632967
fixed_w0_adjust_kr,2,250.0,93.29526460461886,0.04,0.030717843274342047,0.030723712570344616,0.0191071226913603
fixed_w0_adjust_kr,2,312.5,93.29526460461886,0.04,0.03077351490852044,0.030782668643639585,0.029745497536940512
fixed_w0_adjust_kr,2,375.0,93.29526460461886,0.04,0.03084142139172219,0.030854572986376158,0.04264263467927501
fixed_w0_adjust_kr,2,437.5,93.29526460461886,0.04,0.030921482412202782,0.030939335491061704,0.057736814234609905
fixed_w0_adjust_kr,2,500.0,93.29526460461886,0.04,0.0310136031719657,0.031036849998984952,0.07495687260313694
fixed_w0_adjust_kr,2,562.5,93.29526460461886,0.04,0.03111767797110835,0.031146998750142332,0.09422547229007831
fixed_w0_adjust_kr,2,625.0,93.29526460461886,0.04,0.031233585757957937,0.03126964593236272,0.11545320055221499
fixed_w0_adjust_kr,2,687.5,93.29526460461886,0.04,0.03136119591509244,0.031404646326243714,0.13854832344057025
fixed_w0_adjust_kr,2,750.0,93.29526460461886,0.04,0.03150036656686866,0.03155184143794657,0.16341038752245501
fixed_w0_adjust_kr,2,812.5,93.29526460461886,0.04,0.03165094439556644,0.03171106025193061,0.18993384719536957
fixed_w0_adjust_kr,2,875.0,93.29526460461886,0.04,0.031812769421611854,0.03188212546165554,0.21801321074727475
fixed_w0_adjust_kr,2,937.5,93.29526460461886,0.04,0.031985667965523865,0.03206484402148447,0.2475360403476498
fixed_w0_adjust_kr,2,1000.0,93.29526460461886,0.04,0.032169462644449025,0.03225901785356789,0.2783857788010621
fixed_w0_adjust_kr,3,0.0,106.73978529394739,0.04,0.03535533905932738,0.03535533904160936,-5.011413259164579e-08
fixed_w0_adjust_kr,3,62.5,106.73978529394739,0.04,0.03536251062874197,0.03536281677390149,0.0008657336656209901
fixed_w0_adjust_kr,3,125.0,106.73978529394739,0.04,0.03538401661586137,0.03538524048945653,0.003458831733103796
fixed_w0_adjust_kr,3,187.5,106.73978529394739,0.04,0.0354198309566769,0.035422581877347446,0.007766611517469499
fixed_w0_adjust_kr,3,250.0,106.73978529394739,0.04,0.035469910170258606,0.035474793611031126,0.013767840823613335
fixed_w0_adjust_kr,3,312.5,106.73978529394739,0.04,0.03553419422378791,0.03554181057273225,0.021433858599337507
fixed_w0_adjust_kr,3,375.0,106.73978529394739,0.04,0.03561260591417408,0.035623548829223806,0.030727644801101253
fixed_w0_adjust_kr,3,437.5,106.73978529394739,0.04,0.0357050523130972,0.035719907433815166,0.04160509439308514
fixed_w0_adjust_kr,3,500.0,106.73978529394739,0.04,0.03581142429372023,0.03583076793399181,0.054015277674864505
fixed_w0_adjust_kr,3,562.5,106.73978529394739,0.04,0.03593159930496579,0.035955997541491334,0.06790189414745089
fixed_w0_adjust_kr,3,625.0,106.73978529394739,0.04,0.03606543825514286,0.03609544568100638,0.08320272070792768
fixed_w0_adjust_kr,3,687.5,106.73978529394739,0.04,0.03621278980411383,0.03624894786507181,0.09984886873827262
fixed_w0_adjust_kr,3,750.0,106.73978529394739,0.04,0.03637349034658404,0.036416327773553796,0.11777101004489697
fixed_w0_adjust_kr,3,812.5,106.73978529394739,0.04,0.03654736278482663,0.03659739305762577,0.1368916085510689
fixed_w0_adjust_kr,3,875.0,106.73978529394739,0.04,0.03673422168392847,0.036791944119328936,0.15713531621039584
fixed_w0_adjust_kr,3,937.5,106.73978529394739,0.04,0.03693386839603676,0.03699976613720869,0.17842090209809405
fixed_w0_adjust_kr,3,1000.0,106.73978529394739,0.04,0.03714609588879252,0.0372206357645434,0.20066678332505378
fixed_w0_adjust_kr,4,0.0,118.71281966790598,0.04,0.03952847075210474,0.03952847075733757,1.3238124218288737e-08
fixed_w0_adjust_kr,4,62.5,118.71281966790598,0.04,0.03953648881228184,0.039536756463275834,0.0006769720884013303
fixed_w0_adjust_kr,4,125.0,118.71281966790598,0.04,0.03956053324229526,0.03956160316903827,0.0027045306403105053
fixed_w0_adjust_kr,4,187.5,118.71281966790598,0.04,0.03960057487635896,0.03960297972870537,0.006072771301733944
fixed_w0_adjust_kr,4,250.0,118.71281966790598,0.04,0.039656565177269086,0.03966083433283722,0.01076531855205404
fixed_w0_adjust_kr,4,312.5,118.71281966790598,0.04,0.03972843690229714,0.039735095218847646,0.016759573418109238
fixed_w0_adjust_kr,4,375.0,118.71281966790598,0.04,0.03981610380427051,0.03982567026840749,0.024026620444854548
fixed_w0_adjust_kr,4,437.5,118.71281966790598,0.04,0.039919461931494975,0.03993244865539639,0.032532311992841484
fixed_w0_adjust_kr,4,500.0,118.71281966790598,0.04,0.04003838966087374,0.040055300756154086,0.042237201404914014
fixed_w0_adjust_kr,4,562.5,118.71281966790598,0.04,0.040172749071154625,0.04019407931592915,0.05309630350849657
fixed_w0_adjust_kr,4,625.0,118.71281966790598,0.04,0.040322385777620026,0.04034862038487155,0.06506214041056993
fixed_w0_adjust_kr,4,687.5,118.71281966790598,0.04,0.04048712974676907,0.04051874219246205,0.07808023411564646
fixed_w0_adjust_kr,4,750.0,118.71281966790598,0.04,0.04066679835701048,0.04070425098279742,0.09209632255321147
fixed_w0_adjust_kr,4,812.5,118.71281966790598,0.04,0.0408611939478788,0.04090493642907311,0.10705140248742959
fixed_w0_adjust_kr,4,875.0,118.71281966790598,0.04,0.04107010790831047,0.0411205766158788,0.12288428284873343
fixed_w0_adjust_kr,4,937.5,118.71281966790598,0.04,0.041293320018329,0.04135093815453621,0.13953379428351226
fixed_w0_adjust_kr,4,1000.0,118.71281966790598,0.04,0.04153059819631527,0.04159577470636527,0.1569361215119172
fixed_w0_adjust_kr,5,0.0,129.60154038637108,0.04,0.04330127018922194,0.043301270205170196,3.683092097421978e-08
fixed_w0_adjust_kr,5,62.5,129.60154038637108,0.04,0.04331005353594112,0.043310294269000044,0.0005558364381259933
fixed_w0_adjust_kr,5,125.0,129.60154038637108,0.04,0.043336392894936945,0.04333735518609819,0.00222051513050709
fixed_w0_adjust_kr,5,187.5,129.60154038637108,0.04,0.04338025627979404,0.04338241917127094,0.004985889117272664
fixed_w0_adjust_kr,5,250.0,129.60154038637108,0.04,0.043441590631299,0.04344543030009767,0.008838692927374853
fixed_w0_adjust_kr,5,312.5,129.60154038637108,0.04,0.043520322098524904,0.04352631054965955,0.013760125950106155
fixed_w0_adjust_kr,5,375.0,129.60154038637108,0.04,0.043616356331110925,0.0436249603835229,0.01972666480128644
fixed_w0_adjust_kr,5,437.5,129.60154038637108,0.04,0.043729579420588076,0.043741259747174015,0.026710356561169494
fixed_w0_adjust_kr,5,500.0,129.60154038637108,0.04,0.04385985848483159,0.043875068680277816,0.03467908007839009
fixed_w0_adjust_kr,5,562.5,129.60154038637108,0.04,0.04400704157791989,0.04402622656900292,0.04359527565392955
fixed_w0_adjust_kr,5,625.0,129.60154038637108,0.04,0.044170960395234896,0.044194556634478514,0.05342025401413783
fixed_w0_adjust_kr,5,687.5,129.60154038637108,0.04,0.04435142839929753,0.044379862123650866,0.06411005322612322
fixed_w0_adjust_kr,5,750.0,129.60154038637108,0.04,0.04454824528990712,0.04458193209936352,0.07561871233575801
fixed_w0_adjust_kr,5,812.5,129.60154038637108,0.04,0.04476119533822357,0.04480054033133329,0.08789978197056265
fixed_w0_adjust_kr,5,875.0,129.60154038637108,0.04,0.044990048513043786,0.04503544396289941,0.1009010911434344
fixed_w0_adjust_kr,5,937.5,129.60154038637108,0.04,0.045234565329898134,0.045286392506489276,0.11457427790709036
fixed_w0_adjust_kr,5,1000.0,129.60154038637108,0.04,0.045494491372448015,0.0455531184734134,0.1288663730415781
fixed_w0_adjust_kr,6,0.0,139.6523987895067,0.04,0.04677071733467427,0.046770717012527684,-6.887783757489033e-07
fixed_w0_adjust_kr,6,62.5,139.6523987895067,0.04,0.04678020443405339,0.04678042465001654,0.00047074604700102327
fixed_w0_adjust_kr,6,125.0,139.6523987895067,0.04,0.04680865419521598,0.04680953548312204,0.0018827456614878726
fixed_w0_adjust_kr,6,187.5,139.6523987895067,0.04,0.046856032042074856,0.04685801328109372,0.004228354242813919
fixed_w0_adjust_kr,6,250.0,139.6523987895067,0.04,0.04692228074453799,0.04692579822426897,0.007496395476019375
fixed_w0_adjust_kr,6,312.5,139.6523987895067,0.04,0.04700732037581007,0.04701280649532143,0.01167077695026685
fixed_w0_adjust_kr,6,375.0,139.6523987895067,0.04,0.04711104918075777,0.04711893170485489,0.016731794842599602
fixed_w0_adjust_kr,6,437.5,139.6523987895067,0.04,0.047233344053126465,0.04724404505253128,0.022655604042733247
fixed_w0_adjust_kr,6,500.0,139.6523987895067,0.04,0.047374061690728574,0.047387996859345874,0.029415186538728908
fixed_w0_adjust_kr,6,562.5,139.6523987895067,0.04,0.04753303746239534,0.04755061439077843,0.036978340374306015
fixed_w0_adjust_kr,6,625.0,139.6523987895067,0.04,0.047710089872648326,0.047731708419752744,0.045312316874951075
fixed_w0_adjust_kr,6,687.5,139.6523987895067,0.04,0.04790501769907869,0.04793106869896372,0.05438052449676819
fixed_w0_adjust_kr,6,750.0,139.6523987895067,0.04,0.0481176040513976,0.048148468204390935,0.06414316257385495
fixed_w0_adjust_kr,6,812.5,139.6523987895067,0.04,0.048347616620051576,0.04838366529982954,0.07456144128315964
fixed_w0_adjust_kr,6,875.0,139.6523987895067,0.04,0.048594805913430905,0.04863639853139344,0.08559066587616461
fixed_w0_adjust_kr,6,937.5,139.6523987895067,0.04,0.04885891433210041,0.048906400497710924,0.09719038226625569
fixed_w0_adjust_kr,6,1000.0,139.6523987895067,0.04,0.04913966711637078,0.04919338447156868,0.10931566766760775
fixed_w0_adjust_kr,7,0.0,149.03178640015554,0.04,0.05000000000000001,0.04999999964529639,-7.094072412838769e-07
fixed_w0_adjust_kr,7,62.5,149.03178640015554,0.04,0.050010142134939775,0.0500103464745548,0.0004085963492682948
fixed_w0_adjust_kr,7,125.0,149.03178640015554,0.04,0.050040556206216516,0.050041374126128337,0.0016345140298798246
fixed_w0_adjust_kr,7,187.5,149.03178640015554,0.04,0.05009120524314566,0.050093044099697996,0.003671016785096605
fixed_w0_adjust_kr,7,250.0,149.03178640015554,0.04,0.05016202808609373,0.05016529282417942,0.006508385346958655
fixed_w0_adjust_kr,7,312.5,149.03178640015554,0.04,0.050252939219430984,0.05025803117449295,0.010132651226093603
fixed_w0_adjust_kr,7,375.0,149.03178640015554,0.04,0.050363829985851656,0.050371146255651485,0.014526833646058859
fixed_w0_adjust_kr,7,437.5,149.03178640015554,0.04,0.05049456868608988,0.05050450099393204,0.019670051850338575
fixed_w0_adjust_kr,7,500.0,149.03178640015554,0.04,0.050645002190149196,0.05065793642612918,0.025539017515336427
fixed_w0_adjust_kr,7,562.5,149.03178640015554,0.04,0.050814954418032965,0.05083126893708293,0.0321057437457358
fixed_w0_adjust_kr,7,625.0,149.03178640015554,0.04,0.051004231204550894,0.051024297119669236,0.0393416676311974
fixed_w0_adjust_kr,7,687.5,149.03178640015554,0.04,0.05121261790758813,0.05123679811475327,0.0472153312075755
fixed_w0_adjust_kr,7,750.0,149.03178640015554,0.04,0.051439882225516834,0.051468530257274464,0.05569225767670891
fixed_w0_adjust_kr,7,812.5,149.03178640015554,0.04,0.05168577604132469,0.05171923650153524,0.06473823704184377
fixed_w0_adjust_kr,7,875.0,149.03178640015554,0.04,0.05195003240785262,0.051988639037729704,0.07431492934208239
fixed_w0_adjust_kr,7,937.5,149.03178640015554,0.04,0.05223237606697871,0.052276453474593906,0.08438713865644108
fixed_w0_adjust_kr,7,1000.0,149.03178640015554,0.04,0.05253251362119222,0.052582375357394705,0.09491595350269197
fixed_w0_adjust_kr,8,0.0,157.85782732329,0.04,0.05303300858899107,0.053033008727103995,2.604282267779986e-07
fixed_w0_adjust_kr,8,62.5,157.85782732329,0.04,0.05304376594559601,0.05304395791274477,0.0003619033176440627
fixed_w0_adjust_kr,8,125.0,157.85782732329,0.04,0.05307602493371828,0.05307679191745569,0.0014450662768510972
fixed_w0_adjust_kr,8,187.5,157.85782732329,0.04,0.053129746350093654,0.05313147012066439,0.003244454734219276
fixed_w0_adjust_kr,8,250.0,157.85782732329,0.04,0.053204865294996614,0.05320792532178166,0.005751404064419918
fixed_w0_adjust_kr,8,312.5,157.85782732329,0.04,0.05330129108628536,0.053306063527949914,0.008953707438017822
fixed_w0_adjust_kr,8,375.0,157.85782732329,0.04,0.05341890853341306,0.05342576555169745,0.012836312969788271
fixed_w0_adjust_kr,8,437.5,157.85782732329,0.04,0.05355757787352821,0.053566886555662385,0.01738070036728837
fixed_w0_adjust_kr,8,500.0,157.85782732329,0.04,0.05371713659750427,0.0537292585491918,0.02256626554456816
fixed_w0_adjust_kr,8,562.5,157.85782732329,0.04,0.05389739822389798,0.05391268820858722,0.028368687901626853
fixed_w0_adjust_kr,8,625.0,157.85782732329,0.04,0.05409815639982263,0.05411696214160626,0.034762260001327726
fixed_w0_adjust_kr,8,687.5,157.85782732329,0.04,0.05431918391775556,0.05434184550558738,0.04171930834993759
fixed_w0_adjust_kr,8,750.0,157.85782732329,0.04,0.05456023419675313,0.054587083226643025,0.049209887540212015
fixed_w0_adjust_kr,8,812.5,157.85782732329,0.04,0.05482104385462731,0.05485240308334463,0.057202903323904146
fixed_w0_adjust_kr,8,875.0,157.85782732329,0.04,0.05510133020822723,0.055137512612752924,0.06566521060192292
fixed_w0_adjust_kr,8,937.5,157.85782732329,0.04,0.055400800603337796,0.055442110365459776,0.07456528005389702
fixed_w0_adjust_kr,8,1000.0,157.85782732329,0.04,0.05571914443833085,0.05576587534537746,0.08386867299862133
fixed_w0_adjust_kr,9,0.0,166.2178122083665,0.04,0.05590169943749474,0.05590169879236534,-1.1540425564524014e-06
fixed_w0_adjust_kr,9,62.5,166.2178122083665,0.04,0.055913038684682455,0.05591321915462034,0.0003227689678974953
fixed_w0_adjust_kr,9,125.0,166.2178122083665,0.04,0.055947042636936464,0.0559477660082455,0.0012929571876166398
fixed_w0_adjust_kr,9,187.5,166.2178122083665,0.04,0.05600366998981743,0.05600529673048644,0.0029047036905003485
fixed_w0_adjust_kr,9,250.0,166.2178122083665,0.04,0.05608285227479736,0.056085740626620424,0.005150151438287696
fixed_w0_adjust_kr,9,312.5,166.2178122083665,0.04,0.05618449398332623,0.05618899917074735,0.008018560107454479
fixed_w0_adjust_kr,9,375.0,166.2178122083665,0.04,0.05630847369014281,0.05631494707324439,0.011496285864895225
fixed_w0_adjust_kr,9,437.5,166.2178122083665,0.04,0.05645464404168579,0.056463432235885194,0.015566822444072256
fixed_w0_adjust_kr,9,500.0,166.2178122083665,0.04,0.056622833531243935,0.05663427780884235,0.020211418052932615
fixed_w0_adjust_kr,9,562.5,166.2178122083665,0.04,0.056812846083066956,0.05682728169054299,0.02540905529522032
fixed_w0_adjust_kr,9,625.0,166.2178122083665,0.04,0.057024463668233286,0.057042218817503404,0.031136021503713383
fixed_w0_adjust_kr,9,687.5,166.2178122083665,0.04,0.05725744713862059,0.05727884286880025,0.03736759364744477
fixed_w0_adjust_kr,9,750.0,166.2178122083665,0.04,0.05751153655792863,0.05753688618470926,0.04407746392777183
fixed_w0_adjust_kr,9,812.5,166.2178122083665,0.04,0.057786453875797096,0.05781606198830191,0.05123711617336724
fixed_w0_adjust_kr,9,875.0,166.2178122083665,0.04,0.05808190196174478,0.05811606435236744,0.058817616966407665
fixed_w0_adjust_kr,9,937.5,166.2178122083665,0.04,0.058397571111650816,0.0584365747192822,0.0667897771926406
fixed_w0_adjust_kr,9,1000.0,166.2178122083665,0.04,0.05873313467224152,0.05877725672485319,0.07512293164309099
fixed_w0_adjust_kr,10,0.0,174.17832411360482,0.04,0.058630196997792865,0.05863019726225842,4.5107396387087984e-07
fixed_w0_adjust_kr,10,62.5,174.17832411360482,0.04,0.05864208969866162,0.05864226197561853,0.0002937769745139215
fixed_w0_adjust_kr,10,125.0,174.17832411360482,0.04,0.058677753338923076,0.058678441232145044,0.0011723237220664403
fixed_w0_adjust_kr,10,187.5,174.17832411360482,0.04,0.05873714461803926,0.05873869049476851,0.0026318554286269497
fixed_w0_adjust_kr,10,250.0,174.17832411360482,0.04,0.05882019166590661,0.05882293573686367,0.004665185337451326
fixed_w0_adjust_kr,10,312.5,174.17832411360482,0.04,0.05892679440343349,0.05893107410614214,0.007262744820876891
fixed_w0_adjust_kr,10,375.0,174.17832411360482,0.04,0.05905682544398934,0.059062974452078025,0.010412019343163381
fixed_w0_adjust_kr,10,437.5,174.17832411360482,0.04,0.05921013025080993,0.05921847783503496,0.014098236551204084
fixed_w0_adjust_kr,10,500.0,174.17832411360482,0.04,0.05938652869511684,0.059397398779565666,0.018303956617218217
fixed_w0_adjust_kr,10,562.5,174.17832411360482,0.04,0.05958581565240844,0.05959952691972266,0.02301095850429086
fixed_w0_adjust_kr,10,625.0,174.17832411360482,0.04,0.05980776199339054,0.05982462610146785,0.028197189654368026
fixed_w0_adjust_kr,10,687.5,174.17832411360482,0.04,0.0600521171308812,0.06007243894003799,0.03384028761634383
fixed_w0_adjust_kr,10,750.0,174.17832411360482,0.04,0.06031860845615755,0.06034268565015323,0.03991669339185508
fixed_w0_adjust_kr,10,812.5,174.17832411360482,0.04,0.060606943954186275,0.06063506576729306,0.04640031533026977
fixed_w0_adjust_kr,10,875.0,174.17832411360482,0.04,0.06091681292772495,0.060949260662948444,0.05326564812572995
fixed_w0_adjust_kr,10,937.5,174.17832411360482,0.04,0.06124788916818341,0.0612849348561239,0.06048484028365985
fixed_w0_adjust_kr,10,1000.0,174.17832411360482,0.04,0.0615998308587248,0.0616417377600658,0.06803087079428338
fixed_w0_adjust_kr,11,0.0,181.7915318894276,0.04,0.06123724356957945,0.0612372432220947,-5.674402194688609e-07
fixed_w0_adjust_kr,11,62.5,181.7915318894276,0.04,0.06124966508946188,0.0612498288987158,0.00026744514224848003
fixed_w0_adjust_kr,11,125.0,181.7915318894276,0.04,0.06128691454368524,0.061287570421431244,0.0010701758293535158
fixed_w0_adjust_kr,11,187.5,181.7915318894276,0.04,0.06134894672015748,0.061350421403687565,0.002403763404145727
fixed_w0_adjust_kr,11,250.0,181.7915318894276,0.04,0.06143568651150491,0.06143830466672743,0.004261619542621928
fixed_w0_adjust_kr,11,312.5,181.7915318894276,0.04,0.06154702945393297,0.061551113134912135,0.0066350578011575186
fixed_w0_adjust_kr,11,375.0,181.7915318894276,0.04,0.061682842466044614,0.061688710096047754,0.009512580433318464
fixed_w0_adjust_kr,11,437.5,181.7915318894276,0.04,0.061842964161857736,0.06185093005883107,0.012880845996459526
fixed_w0_adjust_kr,11,500.0,181.7915318894276,0.04,0.06202720619663282,0.06203757932866589,0.016723519676482168
fixed_w0_adjust_kr,11,562.5,181.7915318894276,0.04,0.06223535470343365,0.06224843934668355,0.021024453563818712
fixed_w0_adjust_kr,11,625.0,181.7915318894276,0.04,0.06246717008487848,0.06248326368125328,0.025763287104139703
fixed_w0_adjust_kr,11,687.5,181.7915318894276,0.04,0.06272239073996327,0.06274178423929046,0.03091957927366883
fixed_w0_adjust_kr,11,750.0,181.7915318894276,0.04,0.06300073189069656,0.06302370935553431,0.03647174270548153
fixed_w0_adjust_kr,11,812.5,181.7915318894276,0.04,0.06330188830083792,0.06332872579042324,0.042396033208006625
fixed_w0_adjust_kr,11,875.0,181.7915318894276,0.04,0.06362553626728186,0.06365650260769606,0.04866967295036837
fixed_w0_adjust_kr,11,937.5,181.7915318894276,0.04,0.06397133386030679,0.06400668811390782,0.05526577525838828
fixed_w0_adjust_kr,11,1000.0,181.7915318894276,0.04,0.06433892472087276,0.06437891831582593,0.06216080720447205
fixed_w0_adjust_kr,12,0.0,189.09915945858114,0.04,0.06373774391990981,0.06373774462819579,1.1112504584883949e-06
fixed_w0_adjust_kr,12,62.5,189.09915945858114,0.04,0.06375067264763855,0.06375083064188924,0.00024783150378593555
fixed_w0_adjust_kr,12,125.0,189.09915945858114,0.04,0.06378944310860128,0.06379007257603712,0.0009867893575593032
fixed_w0_adjust_kr,12,187.5,189.09915945858114,0.04,0.06385400824949714,0.06385542224693548,0.002214422362995593
fixed_w0_adjust_kr,12,250.0,189.09915945858114,0.04,0.06394428988128588,0.06394679949893532,0.0039246939079351836
fixed_w0_adjust_kr,12,312.5,189.09915945858114,0.04,0.06406017929590876,0.06406409308804029,0.0061095553814212895
fixed_w0_adjust_kr,12,375.0,189.09915945858114,0.04,0.06420153797306873,0.06420716105287935,0.00875848147591942
fixed_w0_adjust_kr,12,437.5,189.09915945858114,0.04,0.06436819794400113,0.06437583152465162,0.011859242443192137
fixed_w0_adjust_kr,12,500.0,189.09915945858114,0.04,0.0645599630861702,0.06456990315743724,0.01539664955164309
fixed_w0_adjust_kr,12,562.5,189.09915945858114,0.04,0.06477661092785071,0.0647891489866911,0.019355842580817472
fixed_w0_adjust_kr,12,625.0,189.09915945858114,0.04,0.06501789204285134,0.06503331317029011,0.023718282697639353
fixed_w0_adjust_kr,12,687.5,189.09915945858114,0.04,0.06528353418758899,0.06530211723328519,0.028465134321315904
fixed_w0_adjust_kr,12,750.0,189.09915945858114,0.04,0.06557324082603715,0.06559525783937561,0.033576216549794355
fixed_w0_adjust_kr,12,812.5,189.09915945858114,0.04,0.06588669420050841,0.0659124097587533,0.03902997191911311
fixed_w0_adjust_kr,12,875.0,189.09915945858114,0.04,0.06622355793999858,0.06625322986159939,0.04480568928007252
fixed_w0_adjust_kr,12,937.5,189.09915945858114,0.04,0.06658347539047504,0.06661735154583528,0.05087772177942933
fixed_w0_adjust_kr,12,1000.0,189.09915945858114,0.04,0.06696607599934691,0.06700439764803233,0.05722546545177964
fixed_w0_adjust_kr,13,0.0,196.13523261187987,0.04,0.06614378277661477,0.06614378277971047,4.680264899508974e-09
fixed_w0_adjust_kr,13,62.5,196.13523261187987,0.04,0.06615719955219249,0.06615735076749174,0.00022856967991086245
fixed_w0_adjust_kr,13,125.0,196.13523261187987,0.04,0.06619743356320146,0.06619803804542232,0.000913150538207211
fixed_w0_adjust_kr,13,187.5,196.13523261187987,0.04,0.06626443597694444,0.06626579468200737,0.0020504287751038916
fixed_w0_adjust_kr,13,250.0,196.13523261187987,0.04,0.0663581256623323,0.06636053769390468,0.003634869954963295
fixed_w0_adjust_kr,13,312.5,196.13523261187987,0.04,0.06647838978801467,0.06648215173225257,0.005658897951495424
fixed_w0_adjust_kr,13,375.0,196.13523261187987,0.04,0.06662508462561433,0.06663048985354408,0.008112902160097713
fixed_w0_adjust_kr,13,437.5,196.13523261187987,0.04,0.06679803584204429,0.06680537392883183,0.010985482873923409
fixed_w0_adjust_kr,13,500.0,196.13523261187987,0.04,0.06699703997693864,0.06700659557736072,0.01426272030133071
fixed_w0_adjust_kr,13,562.5,196.13523261187987,0.04,0.06722186602121169,0.06723391917912111,0.017930412561912946
fixed_w0_adjust_kr,13,625.0,196.13523261187987,0.04,0.0674722552997068,0.06748708020482438,0.021971853544449443
fixed_w0_adjust_kr,13,687.5,196.13523261187987,0.04,0.06774792525734222,0.0677657901037336,0.026369584490624473
fixed_w0_adjust_kr,13,750.0,196.13523261187987,0.04,0.06804856798993646,0.06806973417947443,0.0311045333696102
fixed_w0_adjust_kr,13,812.5,196.13523261187987,0.04,0.06837385382156252,0.0683985757766696,0.03615703039293321
fixed_w0_adjust_kr,13,875.0,196.13523261187987,0.04,0.06872343391755117,0.0687519595492048,0.04150786715320791
fixed_w0_adjust_kr,13,937.5,196.13523261187987,0.04,0.06909693801607351,0.0691295056432921,0.04713324230229116
fixed_w0_adjust_kr,13,1000.0,196.13523261187987,0.04,0.0694939814853466,0.06953082339684293,0.05301453551641316
fixed_w0_adjust_kr,14,0.0,202.92788735516524,0.04,0.06846531968814577,0.06846531969266156,6.595734219701999e-09
fixed_w0_adjust_kr,14,62.5,202.92788735516524,0.04,0.06847920737146497,0.06847935316698374,0.00021290479893853632
fixed_w0_adjust_kr,14,125.0,202.92788735516524,0.04,0.06852085353304063,0.06852143634526997,0.000850561835248131
fixed_w0_adjust_kr,14,187.5,202.92788735516524,0.04,0.06859020761808177,0.06859151760028996,0.0019098676818253765
fixed_w0_adjust_kr,14,250.0,202.92788735516524,0.04,0.06868718567233355,0.06868951123294213,0.003385727025822094
fixed_w0_adjust_kr,14,312.5,202.92788735516524,0.04,0.06881167086171339,0.06881529789562994,0.005270957486042149
fixed_w0_adjust_kr,14,375.0,202.92788735516524,0.04,0.06896351444326368,0.06896872584721635,0.007556755183866641
fixed_w0_adjust_kr,14,437.5,202.92788735516524,0.04,0.0691425359146585,0.06914961082407521,0.01023235454574136
fixed_w0_adjust_kr,14,500.0,202.92788735516524,0.04,0.06934852487502866,0.06935773793764359,0.013285160184066907
fixed_w0_adjust_kr,14,562.5,202.92788735516524,0.04,0.06958124186738655,0.06959286283611178,0.016701295368336554
fixed_w0_adjust_kr,14,625.0,202.92788735516524,0.04,0.06984041943690673,0.06985471276873212,0.02046570158172897
fixed_w0_adjust_kr,14,687.5,202.92788735516524,0.04,0.07012576501718205,0.07014298938895154,0.024562116028632498
fixed_w0_adjust_kr,14,750.0,202.92788735516524,0.04,0.0704369597403584,0.07045736709598806,0.028972510603631218
fixed_w0_adjust_kr,14,812.5,202.92788735516524,0.04,0.0707736625063184,0.0707974981667177,0.033678715436215666
fixed_w0_adjust_kr,14,875.0,202.92788735516524,0.04,0.07113551216403269,0.07116301501924342,0.03866262345495582
fixed_w0_adjust_kr,14,937.5,202.92788735516524,0.04,0.07152212593841378,0.07155352616437577,0.04390281405928032
fixed_w0_adjust_kr,14,1000.0,202.92788735516524,0.04,0.07193310510029098,0.0719686268137162,0.04938159332298124
fixed_w0_adjust_kr,15,0.0,209.50072784483083,0.04,0.07071067811865475,0.0707106787925777,9.530709691342101e-07
fixed_w0_adjust_kr,15,62.5,209.50072784483083,0.04,0.07072502125757041,0.07072516284427909,0.000200193235942867
fixed_w0_adjust_kr,15,125.0,209.50072784483083,0.04,0.07076803323206847,0.07076859721287321,0.0007969428836443995
fixed_w0_adjust_kr,15,187.5,209.50072784483083,0.04,0.07083966182007481,0.07084092863106553,0.0017882792748733847
fixed_w0_adjust_kr,15,250.0,209.50072784483083,0.04,0.07093982034189678,0.07094206876029376,0.0031694729224626787
fixed_w0_adjust_kr,15,312.5,209.50072784483083,0.04,0.07106838808905869,0.07107189440627401,0.004933722727649158
fixed_w0_adjust_kr,15,375.0,209.50072784483083,0.04,0.07122521145725197,0.07123024913142999,0.0070728806204273425
fixed_w0_adjust_kr,15,437.5,209.50072784483083,0.04,0.07141010396655839,0.07141694271009492,0.009576716958339157
fixed_w0_adjust_kr,15,500.0,209.50072784483083,0.04,0.07162284859290605,0.07163175409020549,0.012433877560579582
fixed_w0_adjust_kr,15,562.5,209.50072784483083,0.04,0.07186319760075187,0.07187443037731066,0.015630777552085827
fixed_w0_adjust_kr,15,625.0,209.50072784483083,0.04,0.07213087509734095,0.07214469080996141,0.019153673932027895
fixed_w0_adjust_kr,15,687.5,209.50072784483083,0.04,0.07242557878040069,0.07244222749455904,0.022987340161728775
fixed_w0_adjust_kr,15,750.0,209.50072784483083,0.04,0.07274697923983477,0.0727667044697021,0.02711484390616536
fixed_w0_adjust_kr,15,812.5,209.50072784483083,0.04,0.07309472435358567,0.07311776319020423,0.03151915110467893
fixed_w0_adjust_kr,15,875.0,209.50072784483083,0.04,0.07346844080323592,0.07349502390166629,0.03618301700667207
fixed_w0_adjust_kr,15,937.5,209.50072784483083,0.04,0.07386773423084197,0.07389808471513139,0.04108760693074072
fixed_w0_adjust_kr,15,1000.0,209.50072784483083,0.04,0.07429219179866092,0.07432652615477886,0.046215295694851916
fixed_w0_adjust_kr,16,0.0,215.87378817948,0.04,0.07288689868556626,0.07288689838305758,-4.1503849144902616e-07
fixed_w0_adjust_kr,16,62.5,215.87378817948,0.04,0.07290168325575018,0.07290181944680887,0.00018681469701689466
fixed_w0_adjust_kr,16,125.0,215.87378817948,0.04,0.07294601898724085,0.07294656432563493,0.0007475917146028281
fixed_w0_adjust_kr,16,187.5,215.87378817948,0.04,0.07301985204331331,0.07302107816878325,0.0016791672889444286
fixed_w0_adjust_kr,16,250.0,215.87378817948,0.04,0.0731230930988809,0.07312527005043797,0.0029771054051530486
fixed_w0_adjust_kr,16,312.5,215.87378817948,0.04,0.07325561770539117,0.07325901310659556,0.004635004537191324
fixed_w0_adjust_kr,16,375.0,215.87378817948,0.04,0.07341726751731814,0.07342214625043134,0.006645212057291768
fixed_w0_adjust_kr,16,437.5,215.87378817948,0.04,0.07360785027488052,0.07361447351758674,0.008998011328247905
fixed_w0_adjust_kr,16,500.0,215.87378817948,0.04,0.07382714255198009,0.07383576783708157,0.011683081321221974
fixed_w0_adjust_kr,16,562.5,215.87378817948,0.04,0.0740748885970511,0.0740857681915839,0.0146872911169473
fixed_w0_adjust_kr,16,625.0,215.87378817948,0.04,0.07435080431033446,0.07436418585382924,0.01799784631640324
fixed_w0_adjust_kr,16,687.5,215.87378817948,0.04,0.07465457790949248,0.07467070360431066,0.021600409874034693
fixed_w0_adjust_kr,16,750.0,215.87378817948,0.04,0.07498586986117957,0.07500497565076843,0.025479186444363876
fixed_w0_adjust_kr,16,812.5,215.87378817948,0.04,0.07534431736183125,0.07536663287040668,0.02961803803763916
fixed_w0_adjust_kr,16,875.0,215.87378817948,0.04,0.07572953511250927,0.07575528349481168,0.034000449447054285
fixed_w0_adjust_kr,16,937.5,215.87378817948,0.04,0.07614111784167346,0.07617051592706572,0.038609999728914546
fixed_w0_adjust_kr,16,1000.0,215.87378817948,0.04,0.0765786387288335,0.07661189581689522,0.043428674906958675
fixed_w0_adjust_kr,17,0.0,222.06421719471334,0.04,0.075,0.07499999994961458,-6.718055741335624e-08
fixed_w0_adjust_kr,17,62.5,222.06421719471334,0.04,0.075015213197781,0.07501534561140599,0.0001765156950846239
fixed_w0_adjust_kr,17,125.0,222.06421719471334,0.04,0.07506083429082136,0.07506136377303699,0.000705404117380559
fixed_w0_adjust_kr,17,187.5,222.06421719471334,0.04,0.07513680787751886,0.07513799805373796,0.0015840122207921381
fixed_w0_adjust_kr,17,250.0,222.06421719471334,0.04,0.07524304205530616,0.0752451549838672,0.0028081381391956263
fixed_w0_adjust_kr,17,312.5,222.06421719471334,0.04,0.07537940876814579,0.07538270420098685,0.004371794492566578
fixed_w0_adjust_kr,17,375.0,222.06421719471334,0.04,0.07554574502970181,0.07555048000355488,0.006267690988039429
fixed_w0_adjust_kr,17,437.5,222.06421719471334,0.04,0.07574185300293651,0.07574828093956461,0.008486637668936628
fixed_w0_adjust_kr,17,500.0,222.06421719471334,0.04,0.07596750299270254,0.07597587391309296,0.011019080607701836
fixed_w0_adjust_kr,17,562.5,222.06421719471334,0.04,0.07622243156378632,0.07623299031955977,0.013852556992511476
fixed_w0_adjust_kr,17,625.0,222.06421719471334,0.04,0.07650634656641776,0.07651933346081453,0.016974924277029894
fixed_w0_adjust_kr,17,687.5,222.06421719471334,0.04,0.07681892697957556,0.07683457699603105,0.02037260486553877
fixed_w0_adjust_kr,17,750.0,222.06421719471334,0.04,0.07715982353771159,0.07717836573641317,0.024030898272488825
fixed_w0_adjust_kr,17,812.5,222.06421719471334,0.04,0.07752866306105392,0.07755032028720522,0.027934476484194365
fixed_w0_adjust_kr,17,875.0,222.06421719471334,0.04,0.07792504850992155,0.07795003709986362,0.03206746793220076
fixed_w0_adjust_kr,17,937.5,222.06421719471334,0.04,0.07834856407769449,0.0783770950380305,0.036415422122765516
fixed_w0_adjust_kr,17,1000.0,222.06421719471334,0.04,0.07879876930374437,0.07883104521764202,0.04095992130693923
fixed_w0_adjust_kr,18,0.0,228.08686040028428,0.04,0.0770551750371122,0.07705517487292349,-2.130794175703811e-07
fixed_w0_adjust_kr,18,62.5,228.08686040028428,0.04,0.07707080511215829,0.07707093371898331,0.00016686840735041843
fixed_w0_adjust_kr,18,125.0,228.08686040028428,0.04,0.0771176763300421,0.07711819093555823,0.0006672990429950122
fixed_w0_adjust_kr,18,187.5,228.08686040028428,0.04,0.0771957317702977,0.07719688865869369,0.0014986429553208358
fixed_w0_adjust_kr,18,250.0,228.08686040028428,0.04,0.07730487701419969,0.07730693092215217,0.002656893111804162
fixed_w0_adjust_kr,18,312.5,228.08686040028428,0.04,0.07744498052040447,0.07744818400505049,0.0041364651711429
fixed_w0_adjust_kr,18,375.0,228.08686040028428,0.04,0.0776158747564375,0.07762047764759335,0.005930347587132129
fixed_w0_adjust_kr,18,437.5,228.08686040028428,0.04,0.07781735650726623,0.07782360515578905,0.008029890506799307
fixed_w0_adjust_kr,18,500.0,228.08686040028428,0.04,0.07804918987870493,0.07805732733266715,0.010426058201073726
fixed_w0_adjust_kr,18,562.5,228.08686040028428,0.04,0.07831110411218274,0.07832136850927894,0.013107205181905062
fixed_w0_adjust_kr,18,625.0,228.08686040028428,0.04,0.07860279913096783,0.07861542405043775,0.016061666517605815
fixed_w0_adjust_kr,18,687.5,228.08686040028428,0.04,0.07892394490770177,0.07893915869539223,0.019276517042130174
fixed_w0_adjust_kr,18,750.0,228.08686040028428,0.04,0.07927418278877361,0.07929220817250351,0.022738025288672647
fixed_w0_adjust_kr,18,812.5,228.08686040028428,0.04,0.07965312950268885,0.0796741831714126,0.026431690575370703
fixed_w0_adjust_kr,18,875.0,228.08686040028428,0.04,0.08006037656116613,0.08008466865565472,0.030342218625506397
fixed_w0_adjust_kr,18,937.5,228.08686040028428,0.04,0.08049549774342758,0.08052323373303164,0.03445657258056655
fixed_w0_adjust_kr,18,1000.0,228.08686040028428,0.04,0.08095803951979198,0.08098941583432882,0.03875626771961296
fixed_w0_adjust_kr,19,0.0,233.9546495945516,0.04,0.07905694150420949,0.07905694137821212,-1.593754614352513e-07
fixed_w0_adjust_kr,19,62.5,233.9546495945516,0.04,0.07907297762266802,0.07907310286692391,0.00015839071660427717
fixed_w0_adjust_kr,19,125.0,233.9546495945516,0.04,0.07912106647701243,0.07912156752604385,0.0006332688040338303
fixed_w0_adjust_kr,19,187.5,233.9546495945516,0.04,0.07920114966961295,0.07920227604731916,0.001422173429194239
fixed_w0_adjust_kr,19,250.0,233.9546495945516,0.04,0.07931313032429929,0.07931513002497736,0.002521273173681552
fixed_w0_adjust_kr,19,312.5,233.9546495945516,0.04,0.07945687352026204,0.07945999247711377,0.003925345553569735
fixed_w0_adjust_kr,19,375.0,233.9546495945516,0.04,0.07963220727792059,0.07963668868096399,0.005627626304221982
fixed_w0_adjust_kr,19,437.5,233.9546495945516,0.04,0.07983892318996441,0.0798450069133435,0.007619996783533169
fixed_w0_adjust_kr,19,500.0,233.9546495945516,0.04,0.08007677920194534,0.08008470180553863,0.00989375905506127
fixed_w0_adjust_kr,19,562.5,233.9546495945516,0.04,0.08034549757824695,0.08035549104477191,0.012438116417444443
fixed_w0_adjust_kr,19,625.0,233.9546495945516,0.04,0.08064477043466386,0.08065706216827927,0.015241823554275677
fixed_w0_adjust_kr,19,687.5,233.9546495945516,0.04,0.08097425896535629,0.08098907120503342,0.018292528843598943
fixed_w0_adjust_kr,19,750.0,233.9546495945516,0.04,0.08133359541920394,0.08135114501985105,0.02157730831479189
fixed_w0_adjust_kr,19,812.5,233.9546495945516,0.04,0.08172238669802522,0.08174288473461745,0.025082523186675663
fixed_w0_adjust_kr,19,875.0,233.9546495945516,0.04,0.0821402131999423,0.0821638641723544,0.02879341493127749
fixed_w0_adjust_kr,19,937.5,233.9546495945516,0.04,0.08258663822729051,0.08261364226170682,0.03269782497017872
fixed_w0_adjust_kr,19,1000.0,233.9546495945516,0.04,0.0830611959306395,0.08309174395145208,0.03677772811998558
fixed_w0_adjust_kr,20,0.0,239.67893956234104,0.04,0.08100925873009826,0.0810092587046625,-3.139858950002245e-08
fixed_w0_adjust_kr,20,62.5,239.67893956234104,0.04,0.08102569086137977,0.08102581306139718,0.0001508163844226293
fixed_w0_adjust_kr,20,125.0,239.67893956234104,0.04,0.0810749672726146,0.08107545585073891,0.000602625126787019
fixed_w0_adjust_kr,20,187.5,239.67893956234104,0.04,0.08115702812643302,0.08115812635199957,0.0013532106730567977
fixed_w0_adjust_kr,20,250.0,239.67893956234104,0.04,0.08127177414713004,0.08127372378563474,0.00239891219942979
fixed_w0_adjust_kr,20,312.5,239.67893956234104,0.04,0.08141906712241063,0.08142210796790521,0.0037348075850600826
fixed_w0_adjust_kr,20,375.0,239.67893956234104,0.04,0.08159873073313428,0.08160309984450155,0.005354386432254344
fixed_w0_adjust_kr,20,437.5,239.67893956234104,0.04,0.08181055154380747,0.08181648282945075,0.007250025249018685
fixed_w0_adjust_kr,20,500.0,239.67893956234104,0.04,0.08205428137573587,0.08206200536361377,0.009413266131156043
fixed_w0_adjust_kr,20,562.5,239.67893956234104,0.04,0.08232963581922556,0.08233937877905262,0.011834085903709326
fixed_w0_adjust_kr,20,625.0,239.67893956234104,0.04,0.08263629931412947,0.0826482829592485,0.014501672047874128
fixed_w0_adjust_kr,20,687.5,239.67893956234104,0.04,0.0829739245021719,0.08298836544634827,0.017404195671121402
fixed_w0_adjust_kr,20,750.0,239.67893956234104,0.04,0.08334213477607905,0.08335924441410125,0.02052939736686059
fixed_w0_adjust_kr,20,812.5,239.67893956234104,0.04,0.08374052745060437,0.08376051169380154,0.023864482115854135
fixed_w0_adjust_kr,20,875.0,239.67893956234104,0.04,0.08416867217443623,0.08419173036997313,0.027395223117113444
fixed_w0_adjust_kr,20,937.5,239.67893956234104,0.04,0.08462612161507738,0.08465244872251172,0.031109906648085342
fixed_w0_adjust_kr,20,1000.0,239.67893956234104,0.04,0.08511239844084646,0.08514218055437632,0.034991510138862876
fixed_product_adjust_kr,1,0.0,76.45653530571334,0.039237979958213196,0.025,0.025000000020264312,8.10572442500046e-08
fixed_product_adjust_kr,1,62.5,76.45653530571334,0.039237979958213196,0.025005071066585213,0.025005467429214827,0.0015851289866687659
fixed_product_adjust_kr,1,125.0,76.45653530571334,0.039237979958213196,0.025020278099571705,0.025021862488121206,0.006332417822037086
fixed_product_adjust_kr,1,187.5,76.45653530571334,0.039237979958213196,0.02504560264464796,0.025049163750559978,0.014218487622532276
fixed_product_adjust_kr,1,250.0,76.45653530571334,0.039237979958213196,0.025081014028934905,0.02508733557909531,0.025204523840665072
fixed_product_adjust_kr,1,312.5,76.45653530571334,0.039237979958213196,0.025126469751716184,0.025136328593470165,0.03923687589780542
fixed_product_adjust_kr,1,375.0,76.45653530571334,0.039237979958213196,0.025181915084726714,0.025196079365048522,0.05624782815028576
fixed_product_adjust_kr,1,437.5,76.45653530571334,0.039237979958213196,0.025247284710031567,0.02526651207020926,0.07615615064559281
fixed_product_adjust_kr,1,500.0,76.45653530571334,0.039237979958213196,0.025322501039165078,0.025347536819046484,0.09886772180474591
fixed_product_adjust_kr,1,562.5,76.45653530571334,0.039237979958213196,0.025407477564117896,0.02543905379978176,0.12427930157246055
fixed_product_adjust_kr,1,625.0,76.45653530571334,0.039237979958213196,0.025502116161911514,0.025540948643227236,0.15227160392956096
fixed_product_adjust_kr,1,687.5,76.45653530571334,0.039237979958213196,0.025606309131885847,0.02565309833458606,0.18272529031507012
fixed_product_adjust_kr,1,750.0,76.45653530571334,0.039237979958213196,0.02571994147228052,0.02577536922023884,0.2155049536876178
fixed_product_adjust_kr,1,812.5,76.45653530571334,0.039237979958213196,0.025842887651257626,0.025907617531158635,0.25047464035180733
fixed_product_adjust_kr,1,875.0,76.45653530571334,0.039237979958213196,0.025975017630745945,0.026049693390450136,0.2874906988159266
fixed_product_adjust_kr,1,937.5,76.45653530571334,0.039237979958213196,0.026116187671096032,0.026201432664538647,0.32640672718460767
fixed_product_adjust_kr,1,1000.0,76.45653530571334,0.039237979958213196,0.02626625659499351,0.026362672249451376,0.3670704049858506
fixed_product_adjust_kr,2,0.0,85.34485692708532,0.03515150306670572,0.03061862178478973,0.030618622075038293,9.479478430024898e-07
fixed_product_adjust_kr,2,62.5,85.34485692708532,0.03515150306670572,0.030624832545896315,0.030624923334142972,0.0002964530386266989
fixed_product_adjust_kr,2,125.0,85.34485692708532,0.03515150306670572,0.030643457276501293,0.030643819337126895,0.0011815266871981944
fixed_product_adjust_kr,2,187.5,85.34485692708532,0.03515150306670572,0.030674473399969645,0.03067528685928995,0.0026519096504101776
fixed_product_adjust_kr,2,250.0,85.34485692708532,0.03515150306670572,0.030717843274342047,0.030719287116465148,0.004700336902580355
fixed_product_adjust_kr,2,312.5,85.34485692708532,0.03515150306670572,0.03077351490852044,0.030775766653205642,0.0073171514267848315
fixed_product_adjust_kr,2,375.0,85.34485692708532,0.03515150306670572,0.03084142139172219,0.03084465662439506,0.010489894845571626
fixed_product_adjust_kr,2,437.5,85.34485692708532,0.03515150306670572,0.030921482412202782,0.030925874336069657,0.014203471257709066
fixed_product_adjust_kr,2,500.0,85.34485692708532,0.03515150306670572,0.0310136031719657,0.03101932221137685,0.01844042235092132
fixed_product_adjust_kr,2,562.5,85.34485692708532,0.03515150306670572,0.03111767797110835,0.031124891800489305,0.023182415434895326
fixed_product_adjust_kr,2,625.0,85.34485692708532,0.03515150306670572,0.031233585757957937,0.031242458274729042,0.028406974594149863
fixed_product_adjust_kr,2,687.5,85.34485692708532,0.03515150306670572,0.03136119591509244,0.031371887695839304,0.034092388491211184
fixed_product_adjust_kr,2,750.0,85.34485692708532,0.03515150306670572,0.03150036656686866,0.03151303406188091,0.0402138019104124
fixed_product_adjust_kr,2,812.5,85.34485692708532,0.03515150306670572,0.03165094439556644,0.03166573973443773,0.04674533147062311
fixed_product_adjust_kr,2,875.0,85.34485692708532,0.03515150306670572,0.031812769421611854,0.03182984072343746,0.05366179095998261
fixed_product_adjust_kr,2,937.5,85.34485692708532,0.03515150306670572,0.031985667965523865,0.032005158532560064,0.06093531345728926
fixed_product_adjust_kr,2,1000.0,85.34485692708532,0.03515150306670572,0.032169462644449025,0.03219151050340384,0.06853660938790568
fixed_product_adjust_kr,3,0.0,91.91068230650336,0.03264038438965791,0.03535533905932738,0.035355339572282575,1.450856379429477e-06
fixed_product_adjust_kr,3,62.5,91.91068230650336,0.03264038438965791,0.03536251062874197,0.03536254061140216,8.47865710375026e-05
fixed_product_adjust_kr,3,125.0,91.91068230650336,0.03264038438965791,0.03538401661586137,0.035384134935844296,0.0003343882188586949
fixed_product_adjust_kr,3,187.5,91.91068230650336,0.03264038438965791,0.0354198309566769,0.0354200962752835,0.0007490679640176388
fixed_product_adjust_kr,3,250.0,91.91068230650336,0.03264038438965791,0.035469910170258606,0.03547038076787327,0.0013267516393547433
fixed_product_adjust_kr,3,312.5,91.91068230650336,0.03264038438965791,0.03553419422378791,0.03553492793039755,0.002064790339752365
fixed_product_adjust_kr,3,375.0,91.91068230650336,0.03264038438965791,0.03561260591417408,0.03561365990441273,0.0029595987476709394
fixed_product_adjust_kr,3,437.5,91.91068230650336,0.03264038438965791,0.0357050523130972,0.03570648299821443,0.004006954267101554
fixed_product_adjust_kr,3,500.0,91.91068230650336,0.03264038438965791,0.03581142429372023,0.0358132871774907,0.005201925941824236
fixed_product_adjust_kr,3,562.5,91.91068230650336,0.03264038438965791,0.03593159930496579,0.03593394900048344,0.006539356897827813
fixed_product_adjust_kr,3,625.0,91.91068230650336,0.03264038438965791,0.03606543825514286,0.036068328257072776,0.00801321727873611
fixed_product_adjust_kr,3,687.5,91.91068230650336,0.03264038438965791,0.03621278980411383,0.036216272306569444,0.009616774831347897
fixed_product_adjust_kr,3,750.0,91.91068230650336,0.03264038438965791,0.03637349034658404,0.0363776164465794,0.011343701019736868
fixed_product_adjust_kr,3,812.5,91.91068230650336,0.03264038438965791,0.03654736278482663,0.036552181975647226,0.01318615203228657
fixed_product_adjust_kr,3,875.0,91.91068230650336,0.03264038438965791,0.03673422168392847,0.036739782301924984,0.01513743245838135
fixed_product_adjust_kr,3,937.5,91.91068230650336,0.03264038438965791,0.03693386839603676,0.036940217100253164,0.01718938332786437
fixed_product_adjust_kr,3,1000.0,91.91068230650336,0.03264038438965791,0.03714609588879252,0.037153277715638984,0.0193340017964799
fixed_product_adjust_kr,4,0.0,96.54327485407107,0.03107414788378183,0.03952847075210474,0.039528470918531684,4.2103055976049087e-07
fixed_product_adjust_kr,4,62.5,96.54327485407107,0.03107414788378183,0.03953648881228184,0.03953650091366643,3.0608141876999734e-05
fixed_product_adjust_kr,4,125.0,96.54327485407107,0.03107414788378183,0.03956053324229526,0.03956058111951557,0.0001210226869620942
fixed_product_adjust_kr,4,187.5,96.54327485407107,0.03107414788378183,0.03960057487635896,0.03960068228385477,0.00027122711260987577
fixed_product_adjust_kr,4,250.0,96.54327485407107,0.03107414788378183,0.039656565177269086,0.03965675572438412,0.0004804932403479831
fixed_product_adjust_kr,4,312.5,96.54327485407107,0.03107414788378183,0.03972843690229714,0.03972873400687229,0.0007478385718549146
fixed_product_adjust_kr,4,375.0,96.54327485407107,0.03107414788378183,0.03981610380427051,0.03981653061123758,0.0010719455855487169
fixed_product_adjust_kr,4,437.5,96.54327485407107,0.03107414788378183,0.039919461931494975,0.03992004129334224,0.0014513267945900931
fixed_product_adjust_kr,4,500.0,96.54327485407107,0.03107414788378183,0.04003838966087374,0.04003914408253841,0.0018842457727796132
fixed_product_adjust_kr,4,562.5,96.54327485407107,0.03107414788378183,0.040172749071154625,0.040173700626880006,0.0023686597192938016
fixed_product_adjust_kr,4,625.0,96.54327485407107,0.03107414788378183,0.040322385777620026,0.04032355618845668,0.002902632902492482
fixed_product_adjust_kr,4,687.5,96.54327485407107,0.03107414788378183,0.04048712974676907,0.040488540105468276,0.00348347415099751
fixed_product_adjust_kr,4,750.0,96.54327485407107,0.03107414788378183,0.04066679835701048,0.04066846936129804,0.004109013630452318
fixed_product_adjust_kr,4,812.5,96.54327485407107,0.03107414788378183,0.0408611939478788,0.04086314569178858,0.004776521978948081
fixed_product_adjust_kr,4,875.0,96.54327485407107,0.03107414788378183,0.04107010790831047,0.04107235990270031,0.005483293092072297
fixed_product_adjust_kr,4,937.5,96.54327485407107,0.03107414788378183,0.041293320018329,0.04129589122107678,0.006226679633999821
fixed_product_adjust_kr,4,1000.0,96.54327485407107,0.03107414788378183,0.04153059819631527,0.04153350690680251,0.007003777006755009
fixed_product_adjust_kr,5,0.0,99.91750400003691,0.03002476923361588,0.04330127018922194,0.04330126920243638,-2.2788836416853396e-06
fixed_product_adjust_kr,5,62.5,99.91750400003691,0.03002476923361588,0.04331005353594112,0.043310058153143816,1.0660810411454876e-05
fixed_product_adjust_kr,5,125.0,99.91750400003691,0.03002476923361588,0.043336392894936945,0.04333641431047568,4.9416984895743163e-05
fixed_product_adjust_kr,5,187.5,99.91750400003691,0.03002476923361588,0.04338025627979404,0.04338030564408535,0.00011379437453994955
fixed_product_adjust_kr,5,250.0,99.91750400003691,0.03002476923361588,0.043441590631299,0.04344167903674081,0.00020350415471133166
fixed_product_adjust_kr,5,312.5,99.91750400003691,0.03002476923361588,0.043520322098524904,0.04352046053183262,0.0003180888859219649
fixed_product_adjust_kr,5,375.0,99.91750400003691,0.03002476923361588,0.043616356331110925,0.043616555658046355,0.00045700042872971194
fixed_product_adjust_kr,5,437.5,99.91750400003691,0.03002476923361588,0.043729579420588076,0.043729850374102215,0.0006196115254923737
fixed_product_adjust_kr,5,500.0,99.91750400003691,0.03002476923361588,0.04385985848483159,0.043860211655887237,0.0008052261631568186
fixed_product_adjust_kr,5,562.5,99.91750400003691,0.03002476923361588,0.04400704157791989,0.044007487296390736,0.0010128344348206467
fixed_product_adjust_kr,5,625.0,99.91750400003691,0.03002476923361588,0.044170960395234896,0.04417150887150675,0.001241712353418759
fixed_product_adjust_kr,5,687.5,99.91750400003691,0.03002476923361588,0.04435142839929753,0.04435208954846402,0.0014907054639555957
fixed_product_adjust_kr,5,750.0,99.91750400003691,0.03002476923361588,0.04454824528990712,0.04454902879143603,0.001758770797399709
fixed_product_adjust_kr,5,812.5,99.91750400003691,0.03002476923361588,0.04476119533822357,0.04476211068822492,0.002044963264351875
fixed_product_adjust_kr,5,875.0,99.91750400003691,0.03002476923361588,0.044990048513043786,0.04499110480239206,0.002347828871461521
fixed_product_adjust_kr,5,937.5,99.91750400003691,0.03002476923361588,0.045234565329898134,0.0452357715309776,0.0026665472977849608
fixed_product_adjust_kr,5,1000.0,99.91750400003691,0.03002476923361588,0.045494491372448015,0.04549585610109172,0.0029997667905154826
fixed_product_adjust_kr,6,0.0,102.46531040146915,0.029278201454186838,0.04677071733467427,0.04677071725623946,-1.6770068681620187e-07
fixed_product_adjust_kr,6,62.5,102.46531040146915,0.029278201454186838,0.04678020443405339,0.04678020728253873,6.0890827175571534e-06
fixed_product_adjust_kr,6,125.0,102.46531040146915,0.029278201454186838,0.04680865419521598,0.04680866581734487,2.4829017392274794e-05
fixed_product_adjust_kr,6,187.5,102.46531040146915,0.029278201454186838,0.046856032042074856,0.04685605825993534,5.59540775096905e-05
fixed_product_adjust_kr,6,250.0,102.46531040146915,0.029278201454186838,0.04692228074453799,0.04692232735500438,9.933546632799653e-05
fixed_product_adjust_kr,6,312.5,102.46531040146915,0.029278201454186838,0.04700732037581007,0.04700739311062773,0.0001547308314542327
fixed_product_adjust_kr,6,375.0,102.46531040146915,0.029278201454186838,0.04711104918075777,0.047111153718037195,0.00022189546028155333
fixed_product_adjust_kr,6,437.5,102.46531040146915,0.029278201454186838,0.047233344053126465,0.0472334859968323,0.0003005158933446611
fixed_product_adjust_kr,6,500.0,102.46531040146915,0.029278201454186838,0.047374061690728574,0.0473742465866369,0.0003902893307608725
fixed_product_adjust_kr,6,562.5,102.46531040146915,0.029278201454186838,0.04753303746239534,0.0475332706871235,0.0004906581624337848
fixed_product_adjust_kr,6,625.0,102.46531040146915,0.029278201454186838,0.047710089872648326,0.047710376756415034,0.0006013062802303287
fixed_product_adjust_kr,6,687.5,102.46531040146915,0.029278201454186838,0.04790501769907869,0.04790536343880258,0.0007217192279458845
fixed_product_adjust_kr,6,750.0,102.46531040146915,0.029278201454186838,0.0481176040513976,0.04811801368083265,0.0008513088777405152
fixed_product_adjust_kr,6,812.5,102.46531040146915,0.029278201454186838,0.048347616620051576,0.04834809512494308,0.0009897176426755926
fixed_product_adjust_kr,6,875.0,102.46531040146915,0.029278201454186838,0.048594805913430905,0.04859535800529179,0.0011361129044765823
fixed_product_adjust_kr,6,937.5,102.46531040146915,0.029278201454186838,0.04885891433210041,0.0488595447374534,0.0012902565716131195
fixed_product_adjust_kr,6,1000.0,102.46531040146915,0.029278201454186838,0.04913966711637078,0.04914038034668163,0.0014514349663054982
fixed_product_adjust_kr,7,0.0,104.45011071971608,0.028721846050027384,0.05000000000000001,0.049999999740091214,-5.198175917486835e-07
fixed_product_adjust_kr,7,62.5,104.45011071971608,0.028721846050027384,0.050010142134939775,0.050010143532219234,2.7939921766935144e-06
fixed_product_adjust_kr,7,125.0,104.45011071971608,0.028721846050027384,0.050040556206216516,0.050040562571031476,1.2719312978004212e-05
fixed_product_adjust_kr,7,187.5,104.45011071971608,0.028721846050027384,0.05009120524314566,0.05009121987169663,2.9203831085277493e-05
fixed_product_adjust_kr,7,250.0,104.45011071971608,0.028721846050027384,0.05016202808609373,0.05016205426090424,5.218052680915418e-05
fixed_product_adjust_kr,7,312.5,104.45011071971608,0.028721846050027384,0.050252939219430984,0.050252980183698163,8.15161616734163e-05
fixed_product_adjust_kr,7,375.0,104.45011071971608,0.028721846050027384,0.050363829985851656,0.05036388895737952,0.00011709103116044713
fixed_product_adjust_kr,7,437.5,104.45011071971608,0.028721846050027384,0.05049456868608988,0.05049464883469629,0.00015872718292287032
fixed_product_adjust_kr,7,500.0,104.45011071971608,0.028721846050027384,0.050645002190149196,0.050645106660646234,0.00020627997338354192
fixed_product_adjust_kr,7,562.5,104.45011071971608,0.028721846050027384,0.050814954418032965,0.050815086250940035,0.00025943722390382663
fixed_product_adjust_kr,7,625.0,104.45011071971608,0.028721846050027384,0.051004231204550894,0.05100439341218816,0.000318027805606869
fixed_product_adjust_kr,7,687.5,104.45011071971608,0.028721846050027384,0.05121261790758813,0.051212813440576765,0.00038180627474790303
fixed_product_adjust_kr,7,750.0,104.45011071971608,0.028721846050027384,0.051439882225516834,0.051440113934726216,0.0004504466172107532
fixed_product_adjust_kr,7,812.5,104.45011071971608,0.028721846050027384,0.05168577604132469,0.05168604674849796,0.0005237556519448442
fixed_product_adjust_kr,7,875.0,104.45011071971608,0.028721846050027384,0.05195003240785262,0.05195034477007599,0.000601274357096357
fixed_product_adjust_kr,7,937.5,104.45011071971608,0.028721846050027384,0.05223237606697871,0.05223273277329002,0.0006829218545421083
fixed_product_adjust_kr,7,1000.0,104.45011071971608,0.028721846050027384,0.05253251362119222,0.05253291722953763,0.0007683019859322594
fixed_product_adjust_kr,8,0.0,106.03692390659916,0.028292031581777115,0.05303300858899107,0.05303300801362802,-1.0849149693363612e-06
fixed_product_adjust_kr,8,62.5,106.03692390659916,0.028292031581777115,0.05304376594559601,0.05304376636959773,7.993431614883743e-07
fixed_product_adjust_kr,8,125.0,106.03692390659916,0.028292031581777115,0.05307602493371828,0.05307602835338437,6.4429581704648725e-06
fixed_product_adjust_kr,8,187.5,106.03692390659916,0.028292031581777115,0.053129746350093654,0.053129754753808774,1.5817344702240487e-05
fixed_product_adjust_kr,8,250.0,106.03692390659916,0.028292031581777115,0.053204865294996614,0.05320488066104875,2.8880915408457947e-05
fixed_product_adjust_kr,8,312.5,106.03692390659916,0.028292031581777115,0.05330129108628536,0.05330131537181931,4.556274990146391e-05
fixed_product_adjust_kr,8,375.0,106.03692390659916,0.028292031581777115,0.05341890853341306,0.0534189436799237,6.57941384507439e-05
fixed_product_adjust_kr,8,437.5,106.03692390659916,0.028292031581777115,0.05355757787352821,0.05355762579101617,8.946910943179073e-05
fixed_product_adjust_kr,8,500.0,106.03692390659916,0.028292031581777115,0.05371713659750427,0.053717199179640254,0.00011650311232378277
fixed_product_adjust_kr,8,562.5,106.03692390659916,0.028292031581777115,0.05389739822389798,0.05389747731165243,0.00014673761082315893
fixed_product_adjust_kr,8,625.0,106.03692390659916,0.028292031581777115,0.05409815639982263,0.054098253803093695,0.00018004915056061118
fixed_product_adjust_kr,8,687.5,106.03692390659916,0.028292031581777115,0.05431918391775556,0.054319301416021544,0.0002163108086505829
fixed_product_adjust_kr,8,750.0,106.03692390659916,0.028292031581777115,0.05456023419675313,0.05456037351956809,0.00025535596944654764
fixed_product_adjust_kr,8,812.5,106.03692390659916,0.028292031581777115,0.05482104385462731,0.05482120669335271,0.0002970368930431866
fixed_product_adjust_kr,8,875.0,106.03692390659916,0.028292031581777115,0.05510133020822723,0.05510151816929741,0.00034111893391717456
fixed_product_adjust_kr,8,937.5,106.03692390659916,0.028292031581777115,0.055400800603337796,0.05540101530258202,0.0003875381616966541
fixed_product_adjust_kr,8,1000.0,106.03692390659916,0.028292031581777115,0.05571914443833085,0.05571938741497266,0.00043607389212961745
fixed_product_adjust_kr,9,0.0,107.33309064732485,0.02795037375619232,0.05590169943749474,0.05590169982259557,6.888893005095185e-07
fixed_product_adjust_kr,9,62.5,107.33309064732485,0.02795037375619232,0.055913038684682455,0.055913039703026475,1.8212997257462144e-06
fixed_product_adjust_kr,9,125.0,107.33309064732485,0.02795037375619232,0.055947042636936464,0.05594704555347061,5.213026477667968e-06
fixed_product_adjust_kr,9,187.5,107.33309064732485,0.02795037375619232,0.05600366998981743,0.05600367606529098,1.0848348966961271e-05
fixed_product_adjust_kr,9,250.0,107.33309064732485,0.02795037375619232,0.05608285227479736,0.05608286276111198,1.8697898193216127e-05
fixed_product_adjust_kr,9,312.5,107.33309064732485,0.02795037375619232,0.05618449398332623,0.05618451012328518,2.8726714095628325e-05
fixed_product_adjust_kr,9,375.0,107.33309064732485,0.02795037375619232,0.05630847369014281,0.0563084967135284,4.08879589252229e-05
fixed_product_adjust_kr,9,437.5,107.33309064732485,0.02795037375619232,0.05645464404168579,0.05645467515953458,5.5120086786496407e-05
fixed_product_adjust_kr,9,500.0,107.33309064732485,0.02795037375619232,0.056622833531243935,0.05662287393589387,7.13575203120564e-05
fixed_product_adjust_kr,9,562.5,107.33309064732485,0.02795037375619232,0.056812846083066956,0.05681289695324334,8.953991903415475e-05
fixed_product_adjust_kr,9,625.0,107.33309064732485,0.02795037375619232,0.057024463668233286,0.05702452614452288,0.00010956050364041308
fixed_product_adjust_kr,9,687.5,107.33309064732485,0.02795037375619232,0.05725744713862059,0.057257522346100945,0.00013134969180938553
fixed_product_adjust_kr,9,750.0,107.33309064732485,0.02795037375619232,0.05751153655792863,0.05751162560198552,0.0001548281653057858
fixed_product_adjust_kr,9,812.5,107.33309064732485,0.02795037375619232,0.057786453875797096,0.05778655781899954,0.00017987468596787187
fixed_product_adjust_kr,9,875.0,107.33309064732485,0.02795037375619232,0.05808190196174478,0.058082021833846975,0.0002063846019966445
fixed_product_adjust_kr,9,937.5,107.33309064732485,0.02795037375619232,0.058397571111650816,0.05839770791811047,0.00023426737970358885
fixed_product_adjust_kr,9,1000.0,107.33309064732485,0.02795037375619232,0.05873313467224152,0.05873328938407575,0.0002634149106735435
fixed_product_adjust_kr,10,0.0,108.41100897957408,0.02767246636884669,0.058630196997792865,0.058630197075088826,1.3183643456144325e-07
fixed_product_adjust_kr,10,62.5,108.41100897957408,0.02767246636884669,0.05864208969866162,0.058642090194583524,8.456756969533978e-07
fixed_product_adjust_kr,10,125.0,108.41100897957408,0.02767246636884669,0.058677753338923076,0.05867775508970509,2.9837236649285457e-06
fixed_product_adjust_kr,10,187.5,108.41100897957408,0.02767246636884669,0.05873714461803926,0.05873714845776163,6.537128078591618e-06
fixed_product_adjust_kr,10,250.0,108.41100897957408,0.02767246636884669,0.05882019166590661,0.058820198420936845,1.1484203035121675e-05
fixed_product_adjust_kr,10,312.5,108.41100897957408,0.02767246636884669,0.05892679440343349,0.05892680489759962,1.7808818946633526e-05
fixed_product_adjust_kr,10,375.0,108.41100897957408,0.02767246636884669,0.05905682544398934,0.05905684048952543,2.5476371243558425e-05
fixed_product_adjust_kr,10,437.5,108.41100897957408,0.02767246636884669,0.05921013025080993,0.05921015065053467,3.4453098914591616e-05
fixed_product_adjust_kr,10,500.0,108.41100897957408,0.02767246636884669,0.05938652869511684,0.05938655522862268,4.467933455606224e-05
fixed_product_adjust_kr,10,562.5,108.41100897957408,0.02767246636884669,0.05958581565240844,0.05958584910973082,5.614981017132188e-05
fixed_product_adjust_kr,10,625.0,108.41100897957408,0.02767246636884669,0.05980776199339054,0.05980780312440669,6.877203691393581e-05
fixed_product_adjust_kr,10,687.5,108.41100897957408,0.02767246636884669,0.0600521171308812,0.060052166677653424,8.250628719500046e-05
fixed_product_adjust_kr,10,750.0,108.41100897957408,0.02767246636884669,0.06031860845615755,0.060318667153955584,9.731291807655614e-05
fixed_product_adjust_kr,10,812.5,108.41100897957408,0.02767246636884669,0.060606943954186275,0.06060701250013969,0.00011309917468390857
fixed_product_adjust_kr,10,875.0,108.41100897957408,0.02767246636884669,0.06091681292772495,0.06091689201727805,0.00012983205997331868
fixed_product_adjust_kr,10,937.5,108.41100897957408,0.02767246636884669,0.06124788916818341,0.061247979441758534,0.00014739050822503333
fixed_product_adjust_kr,10,1000.0,108.41100897957408,0.02767246636884669,0.0615998308587248,0.06159993295854714,0.0001657469199450852
fixed_product_adjust_kr,11,0.0,109.32109627016571,0.027442095829208358,0.06123724356957945,0.06123724283082022,-1.2063887666071995e-06
fixed_product_adjust_kr,11,62.5,109.32109627016571,0.027442095829208358,0.06124966508946188,0.061249664637604964,-7.377296060924438e-07
fixed_product_adjust_kr,11,125.0,109.32109627016571,0.027442095829208358,0.06128691454368524,0.06128691495183757,6.659697823196849e-07
fixed_product_adjust_kr,11,187.5,109.32109627016571,0.027442095829208358,0.06134894672015748,0.06134894856022035,2.9993389801746817e-06
fixed_product_adjust_kr,11,250.0,109.32109627016571,0.027442095829208358,0.06143568651150491,0.061435690349279516,6.246816505150652e-06
fixed_product_adjust_kr,11,312.5,109.32109627016571,0.027442095829208358,0.06154702945393297,0.0615470358549633,1.0400226278302723e-05
fixed_product_adjust_kr,11,375.0,109.32109627016571,0.027442095829208358,0.061682842466044614,0.06168285198672085,1.5434885703815775e-05
fixed_product_adjust_kr,11,437.5,109.32109627016571,0.027442095829208358,0.061842964161857736,0.061842977354641976,2.133271653268161e-05
fixed_product_adjust_kr,11,500.0,109.32109627016571,0.027442095829208358,0.06202720619663282,0.062027223589385956,2.8040523183365065e-05
fixed_product_adjust_kr,11,562.5,109.32109627016571,0.027442095829208358,0.06223535470343365,0.06223537684334423,3.557449087255958e-05
fixed_product_adjust_kr,11,625.0,109.32109627016571,0.027442095829208358,0.06246717008487848,0.06246719748448768,4.386241470893181e-05
fixed_product_adjust_kr,11,687.5,109.32109627016571,0.027442095829208358,0.06272239073996327,0.06272242390803794,5.288075641012153e-05
fixed_product_adjust_kr,11,750.0,109.32109627016571,0.027442095829208358,0.06300073189069656,0.0630007713309944,6.260292007659749e-05
fixed_product_adjust_kr,11,812.5,109.32109627016571,0.027442095829208358,0.06330188830083792,0.06330193448892775,7.296478993728133e-05
fixed_product_adjust_kr,11,875.0,109.32109627016571,0.027442095829208358,0.06362553626728186,0.06362558969301918,8.39690169302814e-05
fixed_product_adjust_kr,11,937.5,109.32109627016571,0.027442095829208358,0.06397133386030679,0.06397139494049184,9.548055568462834e-05
fixed_product_adjust_kr,11,1000.0,109.32109627016571,0.027442095829208358,0.06433892472087276,0.06433899390158268,0.00010752543693370443
fixed_product_adjust_kr,12,0.0,110.0994645382425,0.027248088921976228,0.06373774391990981,0.06373774398451364,1.0135881554415401e-07
fixed_product_adjust_kr,12,62.5,110.0994645382425,0.027248088921976228,0.06375067264763855,0.06375067291403559,4.178733058803696e-07
fixed_product_adjust_kr,12,125.0,110.0994645382425,0.027248088921976228,0.06378944310860128,0.06378944397988738,1.3658782023560482e-06
fixed_product_adjust_kr,12,187.5,110.0994645382425,0.027248088921976228,0.06385400824949714,0.0638540101278846,2.9416907582757853e-06
fixed_product_adjust_kr,12,250.0,110.0994645382425,0.027248088921976228,0.06394428988128588,0.06394429316480514,5.1349686862404406e-06
fixed_product_adjust_kr,12,312.5,110.0994645382425,0.027248088921976228,0.06406017929590876,0.06406018438202798,7.939595667908324e-06
fixed_product_adjust_kr,12,375.0,110.0994645382425,0.027248088921976228,0.06420153797306873,0.06420154525353525,1.1340018870535444e-05
fixed_product_adjust_kr,12,437.5,110.0994645382425,0.027248088921976228,0.06436819794400113,0.06436820780864527,1.5325338378730638e-05
fixed_product_adjust_kr,12,500.0,110.0994645382425,0.027248088921976228,0.0645599630861702,0.06455997590365062,1.98536055653352e-05
fixed_product_adjust_kr,12,562.5,110.0994645382425,0.027248088921976228,0.06477661092785071,0.0647766270833611,2.4940345220900106e-05
fixed_product_adjust_kr,12,625.0,110.0994645382425,0.027248088921976228,0.06501789204285134,0.06501791189765667,3.053744854499133e-05
fixed_product_adjust_kr,12,687.5,110.0994645382425,0.027248088921976228,0.06528353418758899,0.06528355810133213,3.663058906977487e-05
fixed_product_adjust_kr,12,750.0,110.0994645382425,0.027248088921976228,0.06557324082603715,0.06557326915032256,4.319488416356591e-05
fixed_product_adjust_kr,12,812.5,110.0994645382425,0.027248088921976228,0.06588669420050841,0.06588672726918621,5.0190221557376767e-05
fixed_product_adjust_kr,12,875.0,110.0994645382425,0.027248088921976228,0.06622355793999858,0.06622359610653485,5.7632868803789585e-05
fixed_product_adjust_kr,12,937.5,110.0994645382425,0.027248088921976228,0.06658347539047504,0.06658351893424051,6.539725541956866e-05
fixed_product_adjust_kr,12,1000.0,110.0994645382425,0.027248088921976228,0.06696607599934691,0.06696612524264225,7.353468843635158e-05
fixed_product_adjust_kr,13,0.0,110.7726292718171,0.027082502417077353,0.06614378277661477,0.0661437827149318,-9.325587636890344e-08
fixed_product_adjust_kr,13,62.5,110.7726292718171,0.027082502417077353,0.06615719955219249,0.0661571996363897,1.272684140373692e-07
fixed_product_adjust_kr,13,125.0,110.7726292718171,0.027082502417077353,0.06619743356320146,0.06619743408468458,7.877693930184905e-07
fixed_product_adjust_kr,13,187.5,110.7726292718171,0.027082502417077353,0.06626443597694444,0.06626443722627146,1.885365805080841e-06
fixed_product_adjust_kr,13,250.0,110.7726292718171,0.027082502417077353,0.0663581256623323,0.0663581279276646,3.413797894585302e-06
fixed_product_adjust_kr,13,312.5,110.7726292718171,0.027082502417077353,0.06647838978801467,0.06647839335565862,5.366622099921662e-06
fixed_product_adjust_kr,13,375.0,110.7726292718171,0.027082502417077353,0.06662508462561433,0.06662508977958337,7.735778606775766e-06
fixed_product_adjust_kr,13,437.5,110.7726292718171,0.027082502417077353,0.06679803584204429,0.06679804286406169,1.0512311192369408e-05
fixed_product_adjust_kr,13,500.0,110.7726292718171,0.027082502417077353,0.06699703997693864,0.06699704913454659,1.3668675441303315e-05
fixed_product_adjust_kr,13,562.5,110.7726292718171,0.027082502417077353,0.06722186602121169,0.06722187758946248,1.720905930252212e-05
fixed_product_adjust_kr,13,625.0,110.7726292718171,0.027082502417077353,0.0674722552997068,0.06747226954148157,2.1107601502456963e-05
fixed_product_adjust_kr,13,687.5,110.7726292718171,0.027082502417077353,0.06774792525734222,0.06774794243500375,2.535525842903805e-05
fixed_product_adjust_kr,13,750.0,110.7726292718171,0.027082502417077353,0.06804856798993646,0.06804858835442337,2.9926400389845317e-05
fixed_product_adjust_kr,13,812.5,110.7726292718171,0.027082502417077353,0.06837385382156252,0.06837387761389493,3.479741316304982e-05
fixed_product_adjust_kr,13,875.0,110.7726292718171,0.027082502417077353,0.06872343391755117,0.06872346139678683,3.998524823977287e-05
fixed_product_adjust_kr,13,937.5,110.7726292718171,0.027082502417077353,0.06909693801607351,0.06909696938100143,4.539264520155633e-05
fixed_product_adjust_kr,13,1000.0,110.7726292718171,0.027082502417077353,0.0694939814853466,0.06949401697575631,5.106976021481465e-05
fixed_product_adjust_kr,14,0.0,111.36046947029897,0.026939541600981956,0.06846531968814577,0.06846531947638468,-3.0929687575411485e-07
fixed_product_adjust_kr,14,62.5,111.36046947029897,0.026939541600981956,0.06847920737146497,0.06847920726754464,-1.5175457582381717e-07
fixed_product_adjust_kr,14,125.0,111.36046947029897,0.026939541600981956,0.06852085353304063,0.06852085375238037,3.2010655078719383e-07
fixed_product_adjust_kr,14,187.5,111.36046947029897,0.026939541600981956,0.06859020761808177,0.06859020837523772,1.1038834482981603e-06
fixed_product_adjust_kr,14,250.0,111.36046947029897,0.026939541600981956,0.06868718567233355,0.06868718718079911,2.196138254945462e-06
fixed_product_adjust_kr,14,312.5,111.36046947029897,0.026939541600981956,0.06881167086171339,0.06881167333202512,3.5899603977265147e-06
fixed_product_adjust_kr,14,375.0,111.36046947029897,0.026939541600981956,0.06896351444326368,0.06896351808618711,5.282392384641442e-06
fixed_product_adjust_kr,14,437.5,111.36046947029897,0.026939541600981956,0.0691425359146585,0.0691425409373312,7.264229794262625e-06
fixed_product_adjust_kr,14,500.0,111.36046947029897,0.026939541600981956,0.06934852487502866,0.06934853147854142,9.522210856367112e-06
fixed_product_adjust_kr,14,562.5,111.36046947029897,0.026939541600981956,0.06958124186738655,0.06958125025039817,1.2047803967316508e-05
fixed_product_adjust_kr,14,625.0,111.36046947029897,0.026939541600981956,0.06984041943690673,0.06984042979537751,1.4831627385816373e-05
fixed_product_adjust_kr,14,687.5,111.36046947029897,0.026939541600981956,0.07012576501718205,0.07012577754704269,1.786769902914793e-05
fixed_product_adjust_kr,14,750.0,111.36046947029897,0.026939541600981956,0.0704369597403584,0.07043697462473167,2.113148170585192e-05
fixed_product_adjust_kr,14,812.5,111.36046947029897,0.026939541600981956,0.0707736625063184,0.07077367992285832,2.4608787085234234e-05
fixed_product_adjust_kr,14,875.0,111.36046947029897,0.026939541600981956,0.07113551216403269,0.07113553230328501,2.8311108908474755e-05
fixed_product_adjust_kr,14,937.5,111.36046947029897,0.026939541600981956,0.07152212593841378,0.07152214895315333,3.217848916363119e-05
fixed_product_adjust_kr,14,1000.0,111.36046947029897,0.026939541600981956,0.07193310510029098,0.07193313116993014,3.62415039909633e-05
fixed_product_adjust_kr,15,0.0,111.87817521665072,0.026814881402834258,0.07071067811865475,0.07071067804235172,-1.0790878459421369e-07
fixed_product_adjust_kr,15,62.5,111.87817521665072,0.026814881402834258,0.07072502125757041,0.07072502126239333,6.819255414162067e-09
fixed_product_adjust_kr,15,125.0,111.87817521665072,0.026814881402834258,0.07076803323206847,0.07076803348007205,3.5044576581007167e-07
fixed_product_adjust_kr,15,187.5,111.87817521665072,0.026814881402834258,0.07083966182007481,0.07083966247249643,9.209835281095548e-07
fixed_product_adjust_kr,15,250.0,111.87817521665072,0.026814881402834258,0.07093982034189678,0.07093982155967853,1.716640589968825e-06
fixed_product_adjust_kr,15,312.5,111.87817521665072,0.026814881402834258,0.07106838808905869,0.07106839002982845,2.730848158093768e-06
fixed_product_adjust_kr,15,375.0,111.87817521665072,0.026814881402834258,0.07122521145725197,0.07122521428006734,3.9632249769232875e-06
fixed_product_adjust_kr,15,437.5,111.87817521665072,0.026814881402834258,0.07141010396655839,0.0714101078256835,5.404172362806231e-06
fixed_product_adjust_kr,15,500.0,111.87817521665072,0.026814881402834258,0.07162284859290605,0.0716228536435734,7.051754371391464e-06
fixed_product_adjust_kr,15,562.5,111.87817521665072,0.026814881402834258,0.07186319760075187,0.07186320398842991,8.888663812005408e-06
fixed_product_adjust_kr,15,625.0,111.87817521665072,0.026814881402834258,0.07213087509734095,0.07213088297047167,1.0915063356978556e-05
fixed_product_adjust_kr,15,687.5,111.87817521665072,0.026814881402834258,0.07242557878040069,0.07242558828741963,1.3126604020396624e-05
fixed_product_adjust_kr,15,750.0,111.87817521665072,0.026814881402834258,0.07274697923983477,0.07274699051739941,1.5502450773726416e-05
fixed_product_adjust_kr,15,812.5,111.87817521665072,0.026814881402834258,0.07309472435358567,0.07309473753469624,1.8032916439195208e-05
fixed_product_adjust_kr,15,875.0,111.87817521665072,0.026814881402834258,0.07346844080323592,0.07346845602757335,2.072228192564227e-05
fixed_product_adjust_kr,15,937.5,111.87817521665072,0.026814881402834258,0.07386773423084197,0.0738677516243712,2.3546856295430587e-05
fixed_product_adjust_kr,15,1000.0,111.87817521665072,0.026814881402834258,0.07429219179866092,0.07429221149331348,2.6509720718631246e-05
fixed_product_adjust_kr,16,0.0,112.33754829486087,0.026705229422718687,0.07288689868556626,0.07288689826013513,-5.836867015023201e-07
fixed_product_adjust_kr,16,62.5,112.33754829486087,0.026705229422718687,0.07290168325575018,0.07290168289263842,-4.98084195952104e-07
fixed_product_adjust_kr,16,125.0,112.33754829486087,0.026705229422718687,0.07294601898724085,0.07294601881093554,-2.416928382622973e-07
fixed_product_adjust_kr,16,187.5,112.33754829486087,0.026705229422718687,0.07301985204331331,0.0730198521776071,1.8391409260090905e-07
fixed_product_adjust_kr,16,250.0,112.33754829486087,0.026705229422718687,0.0731230930988809,0.07312309366753826,7.776713664790535e-07
fixed_product_adjust_kr,16,312.5,112.33754829486087,0.026705229422718687,0.07325561770539117,0.07325561882926149,1.5341762877150116e-06
fixed_product_adjust_kr,16,375.0,112.33754829486087,0.026705229422718687,0.07341726751731814,0.0734172693186589,2.4535655139818144e-06
fixed_product_adjust_kr,16,437.5,112.33754829486087,0.026705229422718687,0.07360785027488052,0.07360785287074667,3.5266158940155525e-06
fixed_product_adjust_kr,16,500.0,112.33754829486087,0.026705229422718687,0.07382714255198009,0.07382714606495634,4.758380367546513e-06
fixed_product_adjust_kr,16,562.5,112.33754829486087,0.026705229422718687,0.0740748885970511,0.07407489313654768,6.128253002015317e-06
fixed_product_adjust_kr,16,625.0,112.33754829486087,0.026705229422718687,0.07435080431033446,0.07435080999076137,7.640034239467547e-06
fixed_product_adjust_kr,16,687.5,112.33754829486087,0.026705229422718687,0.07465457790949248,0.07465458484486964,9.289955627185427e-06
fixed_product_adjust_kr,16,750.0,112.33754829486087,0.026705229422718687,0.07498586986117957,0.07498587815638376,1.1062356422041382e-05
fixed_product_adjust_kr,16,812.5,112.33754829486087,0.026705229422718687,0.07534431736183125,0.07534432711859258,1.2949564971914547e-05
fixed_product_adjust_kr,16,875.0,112.33754829486087,0.026705229422718687,0.07572953511250927,0.07572954643344926,1.4949174023307548e-05
fixed_product_adjust_kr,16,937.5,112.33754829486087,0.026705229422718687,0.07614111784167346,0.07614113083580551,1.706585405688208e-05
fixed_product_adjust_kr,16,1000.0,112.33754829486087,0.026705229422718687,0.0765786387288335,0.07657865349061294,1.9276628159952805e-05
fixed_product_adjust_kr,17,0.0,112.74789117137499,0.026608036468194762,0.075,0.07499999886467516,-1.5137664455266986e-06
fixed_product_adjust_kr,17,62.5,112.74789117137499,0.026608036468194762,0.075015213197781,0.07501521211135752,-1.4482708675281562e-06
fixed_product_adjust_kr,17,125.0,112.74789117137499,0.026608036468194762,0.07506083429082136,0.07506083335098278,-1.2521024990447717e-06
fixed_product_adjust_kr,17,187.5,112.74789117137499,0.026608036468194762,0.07513680787751886,0.0751368071814225,-9.264385602363148e-07
fixed_product_adjust_kr,17,250.0,112.74789117137499,0.026608036468194762,0.07524304205530616,0.07524304170002832,-4.7217367244140317e-07
fixed_product_adjust_kr,17,312.5,112.74789117137499,0.026608036468194762,0.07537940876814579,0.07537940884871613,1.0688640755008846e-07
fixed_product_adjust_kr,17,375.0,112.74789117137499,0.026608036468194762,0.07554574502970181,0.0755457456417582,8.101798340057553e-07
fixed_product_adjust_kr,17,437.5,112.74789117137499,0.026608036468194762,0.07574185300293651,0.07574185423735144,1.6297659516407602e-06
fixed_product_adjust_kr,17,500.0,112.74789117137499,0.026608036468194762,0.07596750299270254,0.07596750494774036,2.5735186086889514e-06
fixed_product_adjust_kr,17,562.5,112.74789117137499,0.026608036468194762,0.07622243156378632,0.07622243432465653,3.6221229844824475e-06
fixed_product_adjust_kr,17,625.0,112.74789117137499,0.026608036468194762,0.07650634656641776,0.0765063502228655,4.779273754279113e-06
fixed_product_adjust_kr,17,687.5,112.74789117137499,0.026608036468194762,0.07681892697957556,0.07681893162029398,6.041113307779425e-06
fixed_product_adjust_kr,17,750.0,112.74789117137499,0.026608036468194762,0.07715982353771159,0.0771598292453593,7.397175698282561e-06
fixed_product_adjust_kr,17,812.5,112.74789117137499,0.026608036468194762,0.07752866306105392,0.07752866991553695,8.841224332021064e-06
fixed_product_adjust_kr,17,875.0,112.74789117137499,0.026608036468194762,0.07792504850992155,0.07792505658736981,1.0365663442327085e-05
fixed_product_adjust_kr,17,937.5,112.74789117137499,0.026608036468194762,0.07834856407769449,0.07834857347398172,1.1992928453774772e-05
fixed_product_adjust_kr,17,1000.0,112.74789117137499,0.026608036468194762,0.07879876930374437,0.07879878008469196,1.3681619254020246e-05
fixed_product_adjust_kr,18,0.0,113.11662925525246,0.02652129947428307,0.0770551750371122,0.07705517619949008,1.5085007255497375e-06
fixed_product_adjust_kr,18,62.5,113.11662925525246,0.02652129947428307,0.07707080511215829,0.07707080631177904,1.556517734845192e-06
fixed_product_adjust_kr,18,125.0,113.11662925525246,0.02652129947428307,0.0771176763300421,0.0771176776413012,1.7003353364642218e-06
fixed_product_adjust_kr,18,187.5,113.11662925525246,0.02652129947428307,0.0771957317702977,0.07719573326724817,1.9391622205438788e-06
fixed_product_adjust_kr,18,250.0,113.11662925525246,0.02652129947428307,0.07730487701419969,0.07730487877066494,2.2721273467664434e-06
fixed_product_adjust_kr,18,312.5,113.11662925525246,0.02652129947428307,0.07744498052040447,0.07744498260916728,2.697092570045021e-06
fixed_product_adjust_kr,18,375.0,113.11662925525246,0.02652129947428307,0.0776158747564375,0.07761587724988442,3.2125475992941e-06
fixed_product_adjust_kr,18,437.5,113.11662925525246,0.02652129947428307,0.07781735650726623,0.07781735947412338,3.812590509378207e-06
fixed_product_adjust_kr,18,500.0,113.11662925525246,0.02652129947428307,0.07804918987870493,0.07804919339484169,4.505026589280618e-06
fixed_product_adjust_kr,18,562.5,113.11662925525246,0.02652129947428307,0.07831110411218274,0.07831110824286001,5.274701869270183e-06
fixed_product_adjust_kr,18,625.0,113.11662925525246,0.02652129947428307,0.07860279913096783,0.07860280394447433,6.123835982164557e-06
fixed_product_adjust_kr,18,687.5,113.11662925525246,0.02652129947428307,0.07892394490770177,0.07892395047060073,7.04842993774043e-06
fixed_product_adjust_kr,18,750.0,113.11662925525246,0.02652129947428307,0.07927418278877361,0.07927418916439978,8.042500019063835e-06
fixed_product_adjust_kr,18,812.5,113.11662925525246,0.02652129947428307,0.07965312950268885,0.07965313675258406,9.101833483770832e-06
fixed_product_adjust_kr,18,875.0,113.11662925525246,0.02652129947428307,0.08006037656116613,0.08006038473987129,1.0215671607939877e-05
fixed_product_adjust_kr,18,937.5,113.11662925525246,0.02652129947428307,0.08049549774342758,0.08049550693154568,1.1414449698759961e-05
fixed_product_adjust_kr,18,1000.0,113.11662925525246,0.02652129947428307,0.08095803951979198,0.08095804975997063,1.264874830247755e-05
fixed_product_adjust_kr,19,0.0,113.44977738585861,0.02644341900995168,0.07905694150420949,0.07905694145658126,-6.024546346659262e-08
fixed_product_adjust_kr,19,62.5,113.44977738585861,0.02644341900995168,0.07907297762266802,0.07907297760530135,-2.1962830014536437e-08
fixed_product_adjust_kr,19,125.0,113.44977738585861,0.02644341900995168,0.07912106647701243,0.0791210665503569,9.269904041054814e-08
fixed_product_adjust_kr,19,187.5,113.44977738585861,0.02644341900995168,0.07920114966961295,0.07920114989390377,2.831913715417874e-07
fixed_product_adjust_kr,19,250.0,113.44977738585861,0.02644341900995168,0.07931313032429929,0.07931313075938982,5.485731445314758e-07
fixed_product_adjust_kr,19,312.5,113.44977738585861,0.02644341900995168,0.07945687352026204,0.07945687422573897,8.878740071451619e-07
fixed_product_adjust_kr,19,375.0,113.44977738585861,0.02644341900995168,0.07963220727792059,0.07963220831207993,1.298669692635846e-06
fixed_product_adjust_kr,19,437.5,113.44977738585861,0.02644341900995168,0.07983892318996441,0.07983892460874363,1.7770520473242956e-06
fixed_product_adjust_kr,19,500.0,113.44977738585861,0.02644341900995168,0.08007677920194534,0.08007678106677557,2.3288027481399627e-06
fixed_product_adjust_kr,19,562.5,113.44977738585861,0.02644341900995168,0.08034549757824695,0.08034549994317029,2.9434422734005026e-06
fixed_product_adjust_kr,19,625.0,113.44977738585861,0.02644341900995168,0.08064477043466386,0.08064477335507621,3.621328855882692e-06
fixed_product_adjust_kr,19,687.5,113.44977738585861,0.02644341900995168,0.08097425896535629,0.08097426249422707,4.358015527420399e-06
fixed_product_adjust_kr,19,750.0,113.44977738585861,0.02644341900995168,0.08133359541920394,0.0813335996081935,5.1503804011326125e-06
fixed_product_adjust_kr,19,812.5,113.44977738585861,0.02644341900995168,0.08172238669802522,0.08172239159827605,5.9962160040869466e-06
fixed_product_adjust_kr,19,875.0,113.44977738585861,0.02644341900995168,0.0821402131999423,0.08214021885358275,6.882914256540551e-06
fixed_product_adjust_kr,19,937.5,113.44977738585861,0.02644341900995168,0.08258663822729051,0.08258664470274493,7.840801565079507e-06
fixed_product_adjust_kr,19,1000.0,113.44977738585861,0.02644341900995168,0.0830611959306395,0.0830612032579407,8.821569584027832e-06
fixed_product_adjust_kr,20,0.0,113.7522338162968,0.02637310845996066,0.08100925873009826,0.0810092586535687,-9.447014040892592e-08
fixed_product_adjust_kr,20,62.5,113.7522338162968,0.02637310845996066,0.08102569086137977,0.08102569080924511,-6.434336708246509e-08
fixed_product_adjust_kr,20,125.0,113.7522338162968,0.02637310845996066,0.0810749672726146,0.08107496729360532,2.5890510665318154e-08
fixed_product_adjust_kr,20,187.5,113.7522338162968,0.02637310845996066,0.08115702812643302,0.08115702826914553,1.7584738102421268e-07
fixed_product_adjust_kr,20,250.0,113.7522338162968,0.02637310845996066,0.08127177414713004,0.08127177445973666,3.8464353021085967e-07
fixed_product_adjust_kr,20,312.5,113.7522338162968,0.02637310845996066,0.08141906712241063,0.0814190676532721,6.520112360156034e-07
fixed_product_adjust_kr,20,375.0,113.7522338162968,0.02637310845996066,0.08159873073313428,0.08159873152882434,9.7512552997042e-07
fixed_product_adjust_kr,20,437.5,113.7522338162968,0.02637310845996066,0.08181055154380747,0.0818105526498144,1.351912336416796e-06
fixed_product_adjust_kr,20,500.0,113.7522338162968,0.02637310845996066,0.08205428137573587,0.08205428284090237,1.78560640279513e-06
fixed_product_adjust_kr,20,562.5,113.7522338162968,0.02637310845996066,0.08232963581922556,0.08232963768807335,2.269957550840865e-06
fixed_product_adjust_kr,20,625.0,113.7522338162968,0.02637310845996066,0.08263629931412947,0.0826363016313652,2.8041378375594008e-06
fixed_product_adjust_kr,20,687.5,113.7522338162968,0.02637310845996066,0.0829739245021719,0.0829739273096049,3.383512363981501e-06
fixed_product_adjust_kr,20,750.0,113.7522338162968,0.02637310845996066,0.08334213477607905,0.08334213811542239,4.006788825944308e-06
fixed_product_adjust_kr,20,812.5,113.7522338162968,0.02637310845996066,0.08374052745060437,0.08374053136440113,4.6737187811621374e-06
fixed_product_adjust_kr,20,875.0,113.7522338162968,0.02637310845996066,0.08416867217443623,0.0841686766954883,5.371419029885865e-06
fixed_product_adjust_kr,20,937.5,113.7522338162968,0.02637310845996066,0.08462612161507738,0.08462612679864144,6.125253013094954e-06
fixed_product_adjust_kr,20,1000.0,113.7522338162968,0.02637310845996066,0.08511239844084646,0.08511240430945717,6.895130223104294e-06
fixed_kr_adjust_w0,1,0.0,150.0,0.048533184894674626,0.025,0.025000099278642426,0.00039711456970015213
fixed_kr_adjust_w0,1,62.5,150.0,0.048533184894674626,0.025005071066585213,0.025018279453627137,0.05282283344346946
fixed_kr_adjust_w0,1,125.0,150.0,0.048533184894674626,0.025020278099571705,0.025072740884338796,0.20968106173044213
fixed_kr_adjust_w0,1,187.5,150.0,0.048533184894674626,0.02504560264464796,0.025163247833393514,0.46972392884582187
fixed_kr_adjust_w0,1,250.0,150.0,0.048533184894674626,0.025081014028934905,0.025289413792866835,0.830906452552148
fixed_kr_adjust_w0,1,312.5,150.0,0.048533184894674626,0.025126469751716184,0.025450707703235022,1.2904238228559404
fixed_kr_adjust_w0,1,375.0,150.0,0.048533184894674626,0.025181915084726714,0.025646467091457247,1.8447842634982594
fixed_kr_adjust_w0,1,437.5,150.0,0.048533184894674626,0.025247284710031567,0.025875909867378026,2.4898723350502965
fixed_kr_adjust_w0,1,500.0,150.0,0.048533184894674626,0.025322501039165078,0.02613815043421082,3.2210459534949396
fixed_kr_adjust_w0,1,562.5,150.0,0.048533184894674626,0.025407477564117896,0.026432209104309094,4.033188802805011
fixed_kr_adjust_w0,1,625.0,150.0,0.048533184894674626,0.025502116161911514,0.026757040168076902,4.920862246089486
fixed_kr_adjust_w0,1,687.5,150.0,0.048533184894674626,0.025606309131885847,0.02711153613732299,5.8783442693144
fixed_kr_adjust_w0,1,750.0,150.0,0.048533184894674626,0.02571994147228052,0.027494548646355886,6.899732551833122
fixed_kr_adjust_w0,1,812.5,150.0,0.048533184894674626,0.025842887651257626,0.027904907353858248,7.979060739755509
fixed_kr_adjust_w0,1,875.0,150.0,0.048533184894674626,0.025975017630745945,0.028341417643312713,9.11029222850545
fixed_kr_adjust_w0,1,937.5,150.0,0.048533184894674626,0.026116187671096032,0.02880289910384891,10.287533029663367
fixed_kr_adjust_w0,1,1000.0,150.0,0.048533184894674626,0.02626625659499351,0.02928816724651267,11.504915596138469
fixed_kr_adjust_w0,2,0.0,150.0,0.05516540084388311,0.03061862178478973,0.030618528367024656,-0.00030510114311730236
fixed_kr_adjust_w0,2,62.5,150.0,0.05516540084388311,0.030624832545896315,0.030633344778129335,0.02779519600723613
fixed_kr_adjust_w0,2,125.0,150.0,0.05516540084388311,0.030643457276501293,0.03067775107624566,0.1119123062222605
fixed_kr_adjust_w0,2,187.5,150.0,0.05516540084388311,0.030674473399969645,0.030751618916247257,0.25149744307489225
fixed_kr_adjust_w0,2,250.0,150.0,0.05516540084388311,0.030717843274342047,0.030854737177579004,0.44564946182696696
fixed_kr_adjust_w0,2,312.5,150.0,0.05516540084388311,0.03077351490852044,0.030986813118705926,0.6931226764948685
fixed_kr_adjust_w0,2,375.0,150.0,0.05516540084388311,0.03084142139172219,0.031147478642636145,0.9923578003317974
fixed_kr_adjust_w0,2,437.5,150.0,0.05516540084388311,0.030921482412202782,0.0313362942281963,1.3415004185886636
fixed_kr_adjust_w0,2,500.0,150.0,0.05516540084388311,0.0310136031719657,0.03155275561821736,1.7384385918080645
fixed_kr_adjust_w0,2,562.5,150.0,0.05516540084388311,0.03111767797110835,0.03179629508770227,2.1808089833180775
fixed_kr_adjust_w0,2,625.0,150.0,0.05516540084388311,0.031233585757957937,0.032066298678321704,2.666081719904997
fixed_kr_adjust_w0,2,687.5,150.0,0.05516540084388311,0.03136119591509244,0.032362102886868784,3.191545929837008
fixed_kr_adjust_w0,2,750.0,150.0,0.05516540084388311,0.03150036656686866,0.03268300575354983,3.754366426722925
fixed_kr_adjust_w0,2,812.5,150.0,0.05516540084388311,0.03165094439556644,0.03302827999983556,4.35164141409333
fixed_kr_adjust_w0,2,875.0,150.0,0.05516540084388311,0.031812769421611854,0.033397163139051125,4.980370292323311
fixed_kr_adjust_w0,2,937.5,150.0,0.05516540084388311,0.031985667965523865,0.033788889608168754,5.637592576114131
fixed_kr_adjust_w0,2,1000.0,150.0,0.05516540084388311,0.032169462644449025,0.03420267109924193,6.320305928839458
fixed_kr_adjust_w0,3,0.0,150.0,0.058022803671387936,0.03535533905932738,0.03535489439900185,-0.0012576893260348382
fixed_kr_adjust_w0,3,62.5,150.0,0.058022803671387936,0.03536251062874197,0.03536774697152408,0.014807610345001736
fixed_kr_adjust_w0,3,125.0,150.0,0.058022803671387936,0.03538401661586137,0.03540627669606274,0.06290998685375675
fixed_kr_adjust_w0,3,187.5,150.0,0.058022803671387936,0.0354198309566769,0.03547039975167018,0.1427697242686806
fixed_kr_adjust_w0,3,250.0,150.0,0.058022803671387936,0.035469910170258606,0.0355599781218974,0.25392776921751675
fixed_kr_adjust_w0,3,312.5,150.0,0.058022803671387936,0.03553419422378791,0.035674819390845845,0.395746041607989
fixed_kr_adjust_w0,3,375.0,150.0,0.058022803671387936,0.03561260591417408,0.035814680792885016,0.5674251392833529
fixed_kr_adjust_w0,3,437.5,150.0,0.058022803671387936,0.0357050523130972,0.035979270785792786,0.7680102812648615
fixed_kr_adjust_w0,3,500.0,150.0,0.058022803671387936,0.03581142429372023,0.03616825268446423,0.9964093799156024
fixed_kr_adjust_w0,3,562.5,150.0,0.058022803671387936,0.03593159930496579,0.036381243632124804,1.2513896844465613
fixed_kr_adjust_w0,3,625.0,150.0,0.058022803671387936,0.03606543825514286,0.03661782735783412,1.5316300852450864
fixed_kr_adjust_w0,3,687.5,150.0,0.058022803671387936,0.03621278980411383,0.036877548870281864,1.8357024403916886
fixed_kr_adjust_w0,3,750.0,150.0,0.058022803671387936,0.03637349034658404,0.037159921519197926,2.162099829079895
fixed_kr_adjust_w0,3,812.5,150.0,0.058022803671387936,0.03654736278482663,0.03746443728852915,2.5092768227951674
fixed_kr_adjust_w0,3,875.0,150.0,0.058022803671387936,0.03673422168392847,0.037790554788553615,2.8756104150351525
fixed_kr_adjust_w0,3,937.5,150.0,0.058022803671387936,0.03693386839603676,0.0381377266921012,3.2594969017478292
fixed_kr_adjust_w0,3,1000.0,150.0,0.058022803671387936,0.03714609588879252,0.03850538059911223,3.6592936021839715
fixed_kr_adjust_w0,4,0.0,150.0,0.05766766878683284,0.03952847075210474,0.03952854347554907,0.0001839773786977138
fixed_kr_adjust_w0,4,62.5,150.0,0.05766766878683284,0.03953648881228184,0.03954010154962174,0.009137729344279177
fixed_kr_adjust_w0,4,125.0,150.0,0.05766766878683284,0.03956053324229526,0.03957475551816749,0.03595066776557917
fixed_kr_adjust_w0,4,187.5,150.0,0.05766766878683284,0.03960057487635896,0.03963244466502938,0.08047809601231398
fixed_kr_adjust_w0,4,250.0,150.0,0.05766766878683284,0.039656565177269086,0.03971306899996872,0.14248289645625856
fixed_kr_adjust_w0,4,312.5,150.0,0.05766766878683284,0.03972843690229714,0.039816488589237184,0.22163390710937833
fixed_kr_adjust_w0,4,375.0,150.0,0.05766766878683284,0.03981610380427051,0.03994252661777704,0.3175167869965405
fixed_kr_adjust_w0,4,437.5,150.0,0.05766766878683284,0.039919461931494975,0.040090969956707315,0.4296351125840864
fixed_kr_adjust_w0,4,500.0,150.0,0.05766766878683284,0.04003838966087374,0.04026157162468844,0.5574199304843723
fixed_kr_adjust_w0,4,562.5,150.0,0.05766766878683284,0.040172749071154625,0.04045404876418251,0.7002251514568775
fixed_kr_adjust_w0,4,625.0,150.0,0.05766766878683284,0.040322385777620026,0.040668093223194264,0.8573586083939372
fixed_kr_adjust_w0,4,687.5,150.0,0.05766766878683284,0.04048712974676907,0.04090336560372296,1.028069560764818
fixed_kr_adjust_w0,4,750.0,150.0,0.05766766878683284,0.04066679835701048,0.04115950051381079,1.2115587572813447
fixed_kr_adjust_w0,4,812.5,150.0,0.05766766878683284,0.0408611939478788,0.04143611481017092,1.4070094550479104
fixed_kr_adjust_w0,4,875.0,150.0,0.05766766878683284,0.04107010790831047,0.04173279574110823,1.6135526945223087
fixed_kr_adjust_w0,4,937.5,150.0,0.05766766878683284,0.041293320018329,0.0420491247682721,1.8303317573099427
fixed_kr_adjust_w0,4,1000.0,150.0,0.05766766878683284,0.04153059819631527,0.042384659380911814,2.05646251604514
fixed_kr_adjust_w0,5,0.0,150.0,0.05412200852795404,0.04330127018922194,0.043301648828503306,0.0008744299640902188
fixed_kr_adjust_w0,5,62.5,150.0,0.05412200852795404,0.04331005353594112,0.043312341372476096,0.00528246064872271
fixed_kr_adjust_w0,5,125.0,150.0,0.05412200852795404,0.043336392894936945,0.0433444031780665,0.018483963695310492
fixed_kr_adjust_w0,5,187.5,150.0,0.05412200852795404,0.04338025627979404,0.0433977867651194,0.04041120737574682
fixed_kr_adjust_w0,5,250.0,150.0,0.05412200852795404,0.043441590631299,0.04347241393861828,0.07095345007250421
fixed_kr_adjust_w0,5,312.5,150.0,0.05412200852795404,0.043520322098524904,0.043568174977131516,0.10995524917825465
fixed_kr_adjust_w0,5,375.0,150.0,0.05412200852795404,0.043616356331110925,0.04368493116216171,0.15722274123542984
fixed_kr_adjust_w0,5,437.5,150.0,0.05412200852795404,0.043729579420588076,0.04382251478189367,0.21252287933470854
fixed_kr_adjust_w0,5,500.0,150.0,0.05412200852795404,0.04385985848483159,0.04398073124451452,0.27558857656764013
fixed_kr_adjust_w0,5,562.5,150.0,0.05412200852795404,0.04400704157791989,0.04415935638748931,0.34611463099542134
fixed_kr_adjust_w0,5,625.0,150.0,0.05412200852795404,0.044170960395234896,0.04435814592103386,0.4237750868988568
fixed_kr_adjust_w0,5,687.5,150.0,0.05412200852795404,0.04435142839929753,0.04457682933218779,0.5082157238792082
fixed_kr_adjust_w0,5,750.0,150.0,0.05412200852795404,0.04454824528990712,0.04481511428938768,0.5990561418162509
fixed_kr_adjust_w0,5,812.5,150.0,0.05412200852795404,0.04476119533822357,0.045072693027625385,0.6959101227035654
fixed_kr_adjust_w0,5,875.0,150.0,0.05412200852795404,0.044990048513043786,0.045349231894661494,0.7983618455391798
fixed_kr_adjust_w0,5,937.5,150.0,0.05412200852795404,0.045234565329898134,0.04564439204997326,0.9060034446804962
fixed_kr_adjust_w0,5,1000.0,150.0,0.05412200852795404,0.045494491372448015,0.04595781227828127,1.0184110028623032
fixed_kr_adjust_w0,6,0.0,150.0,0.0475467969446578,0.04677071733467427,0.04677071298895834,-9.291531497890842e-06
fixed_kr_adjust_w0,6,62.5,150.0,0.0475467969446578,0.04678020443405339,0.04678096747946723,0.001631128856899025
fixed_kr_adjust_w0,6,125.0,150.0,0.0475467969446578,0.04680865419521598,0.04681171747301452,0.006544255226316225
fixed_kr_adjust_w0,6,187.5,150.0,0.0475467969446578,0.046856032042074856,0.046862922525173635,0.014705647914427175
fixed_kr_adjust_w0,6,250.0,150.0,0.0475467969446578,0.04692228074453799,0.046934515983514495,0.026075541901123017
fixed_kr_adjust_w0,6,312.5,150.0,0.0475467969446578,0.04700732037581007,0.04702640424007325,0.0405976433257798
fixed_kr_adjust_w0,6,375.0,150.0,0.0475467969446578,0.04711104918075777,0.047138468896593934,0.05820230352110551
fixed_kr_adjust_w0,6,437.5,150.0,0.0475467969446578,0.047233344053126465,0.0472705664129676,0.07880526053642546
fixed_kr_adjust_w0,6,500.0,150.0,0.0475467969446578,0.047374061690728574,0.047422530319886504,0.1023104784097828
fixed_kr_adjust_w0,6,562.5,150.0,0.0475467969446578,0.04753303746239534,0.047594168101109675,0.1286066323085285
fixed_kr_adjust_w0,6,625.0,150.0,0.0475467969446578,0.047710089872648326,0.04778526972317466,0.15757641774938536
fixed_kr_adjust_w0,6,687.5,150.0,0.0475467969446578,0.04790501769907869,0.0479956021049768,0.18909168652671968
fixed_kr_adjust_w0,6,750.0,150.0,0.0475467969446578,0.0481176040513976,0.048224912847759836,0.22301359030181525
fixed_kr_adjust_w0,6,812.5,150.0,0.0475467969446578,0.048347616620051576,0.04847293491630102,0.2592026350218754
fixed_kr_adjust_w0,6,875.0,150.0,0.0475467969446578,0.048594805913430905,0.04873937848931298,0.2975062317146038
fixed_kr_adjust_w0,6,937.5,150.0,0.0475467969446578,0.04885891433210041,0.04902394859289751,0.33777717547167396
fixed_kr_adjust_w0,6,1000.0,150.0,0.0475467969446578,0.04913966711637078,0.049326329148595485,0.3798601886794632
fixed_kr_adjust_w0,7,0.0,150.0,0.040590688776101724,0.05000000000000001,0.04999902434449178,-0.0019513110164626197
fixed_kr_adjust_w0,7,62.5,150.0,0.040590688776101724,0.050010142134939775,0.05000939788480904,-0.0014881983912870438
fixed_kr_adjust_w0,7,125.0,150.0,0.040590688776101724,0.050040556206216516,0.0500405056029746,-0.00010112445934384974
fixed_kr_adjust_w0,7,187.5,150.0,0.040590688776101724,0.05009120524314566,0.050092308797970456,0.0022030909806139702
fixed_kr_adjust_w0,7,250.0,150.0,0.040590688776101724,0.05016202808609373,0.05016474357357053,0.0054134323918118114
fixed_kr_adjust_w0,7,312.5,150.0,0.040590688776101724,0.050252939219430984,0.05025772033693764,0.009514105206429018
fixed_kr_adjust_w0,7,375.0,150.0,0.040590688776101724,0.050363829985851656,0.05037112562412785,0.014485868684416453
fixed_kr_adjust_w0,7,437.5,150.0,0.040590688776101724,0.05049456868608988,0.05050482165339641,0.020305089385491207
fixed_kr_adjust_w0,7,500.0,150.0,0.040590688776101724,0.050645002190149196,0.050658648669354524,0.02694536205979597
fixed_kr_adjust_w0,7,562.5,150.0,0.040590688776101724,0.050814954418032965,0.05083242210247986,0.034375086324383915
fixed_kr_adjust_w0,7,625.0,150.0,0.040590688776101724,0.051004231204550894,0.05102593955685761,0.04256186554337645
fixed_kr_adjust_w0,7,687.5,150.0,0.040590688776101724,0.05121261790758813,0.051238977083843285,0.05147008165588684
fixed_kr_adjust_w0,7,750.0,150.0,0.040590688776101724,0.051439882225516834,0.051471291807797054,0.06106075854240467
fixed_kr_adjust_w0,7,812.5,150.0,0.040590688776101724,0.05168577604132469,0.05172262545605604,0.07129507875027256
fixed_kr_adjust_w0,7,875.0,150.0,0.040590688776101724,0.05195003240785262,0.05199269886014972,0.08212978956804264
fixed_kr_adjust_w0,7,937.5,150.0,0.040590688776101724,0.05223237606697871,0.05228122632310314,0.09352485910613857
fixed_kr_adjust_w0,7,1000.0,150.0,0.040590688776101724,0.05253251362119222,0.052587901972003304,0.10543632313215774
fixed_kr_adjust_w0,8,0.0,150.0,0.03625974537551135,0.05303300858899107,0.05303213270409971,-0.001651584389916739
fixed_kr_adjust_w0,8,62.5,150.0,0.03625974537551135,0.05304376594559601,0.053042967876970055,-0.0015045474462991892
fixed_kr_adjust_w0,8,125.0,150.0,0.03625974537551135,0.05307602493371828,0.05307546012380284,-0.0010641526303959575
fixed_kr_adjust_w0,8,187.5,150.0,0.03625974537551135,0.053129746350093654,0.053129569665877015,-0.0003325523436061598
fixed_kr_adjust_w0,8,250.0,150.0,0.03625974537551135,0.053204865294996614,0.05320523068249789,0.0006867558056023386
fixed_kr_adjust_w0,8,312.5,150.0,0.03625974537551135,0.05330129108628536,0.05330235113576438,0.001988787621108927
fixed_kr_adjust_w0,8,375.0,150.0,0.03625974537551135,0.05341890853341306,0.0534208142402321,0.003567476145365691
fixed_kr_adjust_w0,8,437.5,150.0,0.03625974537551135,0.05355757787352821,0.053560478163420876,0.0054152745658408
fixed_kr_adjust_w0,8,500.0,150.0,0.03625974537551135,0.05371713659750427,0.053721178230522144,0.007523917457032218
fixed_kr_adjust_w0,8,562.5,150.0,0.03625974537551135,0.05389739822389798,0.053902725116229594,0.00988339420296802
fixed_kr_adjust_w0,8,625.0,150.0,0.03625974537551135,0.05409815639982263,0.05410490965675429,0.0124833402486962
fixed_kr_adjust_w0,8,687.5,150.0,0.03625974537551135,0.05431918391775556,0.05432750158718485,0.015312581724136848
fixed_kr_adjust_w0,8,750.0,150.0,0.03625974537551135,0.05456023419675313,0.054570250859985674,0.018358908058248295
fixed_kr_adjust_w0,8,812.5,150.0,0.03625974537551135,0.05482104385462731,0.05483289056473384,0.0216097857201329
fixed_kr_adjust_w0,8,875.0,150.0,0.03625974537551135,0.05510133020822723,0.05511513391929071,0.025051502407137202
fixed_kr_adjust_w0,8,937.5,150.0,0.03625974537551135,0.055400800603337796,0.05541668493632426,0.02867166685946506
fixed_kr_adjust_w0,8,1000.0,150.0,0.03625974537551135,0.05571914443833085,0.05573722871175262,0.03245612186631525
fixed_kr_adjust_w0,9,0.0,150.0,0.033787411976712256,0.05590169943749474,0.055901403607293496,-0.0005291971518257369
fixed_kr_adjust_w0,9,62.5,150.0,0.033787411976712256,0.055913038684682455,0.05591277532752138,-0.00047101207029201427
fixed_kr_adjust_w0,9,125.0,150.0,0.033787411976712256,0.055947042636936464,0.05594687661976272,-0.0002967398559773396
fixed_kr_adjust_w0,9,187.5,150.0,0.033787411976712256,0.05600366998981743,0.05600366594565332,-7.221248372649628e-06
fixed_kr_adjust_w0,9,250.0,150.0,0.033787411976712256,0.05608285227479736,0.0560830744363327,0.0003961309497120653
fixed_kr_adjust_w0,9,312.5,150.0,0.033787411976712256,0.05618449398332623,0.05618500604836117,0.0009113992111342966
fixed_kr_adjust_w0,9,375.0,150.0,0.033787411976712256,0.05630847369014281,0.056309338671420565,0.0015361476187697029
fixed_kr_adjust_w0,9,437.5,150.0,0.033787411976712256,0.05645464404168579,0.05645592409357018,0.002267398734176467
fixed_kr_adjust_w0,9,500.0,150.0,0.033787411976712256,0.056622833531243935,0.05662458986278262,0.003101807926505231
fixed_kr_adjust_w0,9,562.5,150.0,0.033787411976712256,0.056812846083066956,0.05681513884511306,0.004035640183821297
fixed_kr_adjust_w0,9,625.0,150.0,0.033787411976712256,0.057024463668233286,0.057027351707938524,0.005064562679696791
fixed_kr_adjust_w0,9,687.5,150.0,0.033787411976712256,0.05725744713862059,0.057260988062648774,0.006184215687456388
fixed_kr_adjust_w0,9,750.0,150.0,0.033787411976712256,0.05751153655792863,0.0575157866211905,0.00738993168369155
fixed_kr_adjust_w0,9,812.5,150.0,0.033787411976712256,0.057786453875797096,0.05779146772913767,0.008676520195119435
fixed_kr_adjust_w0,9,875.0,150.0,0.033787411976712256,0.05808190196174478,0.05808773265706958,0.010038747230838549
fixed_kr_adjust_w0,9,937.5,150.0,0.033787411976712256,0.058397571111650816,0.05840427018141486,0.011471486975430292
fixed_kr_adjust_w0,9,1000.0,150.0,0.033787411976712256,0.05873313467224152,0.05874075189097091,0.012969201749400666
fixed_kr_adjust_w0,10,0.0,150.0,0.03222577279823271,0.058630196997792865,0.05862864766413858,-0.002642552359733
fixed_kr_adjust_w0,10,62.5,150.0,0.03222577279823271,0.05864208969866162,0.05864055713588835,-0.002613417736554398
fixed_kr_adjust_w0,10,125.0,150.0,0.03222577279823271,0.058677753338923076,0.05867627104760868,-0.0025261555360369535
fixed_kr_adjust_w0,10,187.5,150.0,0.03222577279823271,0.05873714461803926,0.058735745981343866,-0.002381179242684849
fixed_kr_adjust_w0,10,250.0,150.0,0.03222577279823271,0.05882019166590661,0.058818909845666636,-0.0021792180604452965
fixed_kr_adjust_w0,10,312.5,150.0,0.03222577279823271,0.05892679440343349,0.05892566230758291,-0.0019211902871121734
fixed_kr_adjust_w0,10,375.0,150.0,0.03222577279823271,0.05905682544398934,0.05905587560237083,-0.0016083519751869005
fixed_kr_adjust_w0,10,437.5,150.0,0.03222577279823271,0.05921013025080993,0.059209394766628176,-0.0012421593714394754
fixed_kr_adjust_w0,10,500.0,150.0,0.03222577279823271,0.05938652869511684,0.059386039108139874,-0.0008244074670197723
fixed_kr_adjust_w0,10,562.5,150.0,0.03222577279823271,0.05958581565240844,0.05958560308430203,-0.00035674279873683455
fixed_kr_adjust_w0,10,625.0,150.0,0.03222577279823271,0.05980776199339054,0.05980785678129633,0.00015848763209988092
fixed_kr_adjust_w0,10,687.5,150.0,0.03222577279823271,0.0600521171308812,0.06005254898410928,0.0007191307296283744
fixed_kr_adjust_w0,10,750.0,150.0,0.03222577279823271,0.06031860845615755,0.06031940642839267,0.0013229287868861128
fixed_kr_adjust_w0,10,812.5,150.0,0.03222577279823271,0.060606943954186275,0.060608136196446075,0.0019671710566710227
fixed_kr_adjust_w0,10,875.0,150.0,0.03222577279823271,0.06091681292772495,0.0609184268817284,0.0026494393351882035
fixed_kr_adjust_w0,10,937.5,150.0,0.03222577279823271,0.06124788916818341,0.06124995124541972,0.003366772739954082
fixed_kr_adjust_w0,10,1000.0,150.0,0.03222577279823271,0.0615998308587248,0.06160236669996309,0.004116636690298784
fixed_kr_adjust_w0,11,0.0,150.0,0.031153907604223416,0.06123724356957945,0.06123904449051821,0.002940891578035746
fixed_kr_adjust_w0,11,62.5,150.0,0.031153907604223416,0.06124966508946188,0.06125147357930976,0.0029526526312298293
fixed_kr_adjust_w0,11,125.0,150.0,0.031153907604223416,0.06128691454368524,0.061288745722298116,0.0029878786140718136
fixed_kr_adjust_w0,11,187.5,150.0,0.031153907604223416,0.06134894672015748,0.06135081565883527,0.0030464071148857837
fixed_kr_adjust_w0,11,250.0,150.0,0.031153907604223416,0.06143568651150491,0.06143760817703647,0.003127930427204654
fixed_kr_adjust_w0,11,312.5,150.0,0.031153907604223416,0.06154702945393297,0.061549018716775185,0.0032321021174597175
fixed_kr_adjust_w0,11,375.0,150.0,0.031153907604223416,0.061682842466044614,0.06168491402022488,0.0033583961073192408
fixed_kr_adjust_w0,11,437.5,150.0,0.031153907604223416,0.061842964161857736,0.06184513253250561,0.0035062527763095913
fixed_kr_adjust_w0,11,500.0,150.0,0.031153907604223416,0.06202720619663282,0.06202948559939222,0.003674843506847938
fixed_kr_adjust_w0,11,562.5,150.0,0.031153907604223416,0.06223535470343365,0.06223775927192935,0.003863669625019036
fixed_kr_adjust_w0,11,625.0,150.0,0.031153907604223416,0.06246717008487848,0.06246971353909613,0.004071665507168517
fixed_kr_adjust_w0,11,687.5,150.0,0.031153907604223416,0.06272239073996327,0.06272508654343165,0.004297992210705949
fixed_kr_adjust_w0,11,750.0,150.0,0.031153907604223416,0.06300073189069656,0.06300359323399786,0.004541762000894291
fixed_kr_adjust_w0,11,812.5,150.0,0.031153907604223416,0.06330188830083792,0.06330492794766471,0.004801826467383108
fixed_kr_adjust_w0,11,875.0,150.0,0.031153907604223416,0.06362553626728186,0.06362876677665256,0.005077378612785792
fixed_kr_adjust_w0,11,937.5,150.0,0.031153907604223416,0.06397133386030679,0.06397476710303275,0.00536684561472265
fixed_kr_adjust_w0,11,1000.0,150.0,0.031153907604223416,0.06433892472087276,0.06434257241178291,0.005669493119418813
fixed_kr_adjust_w0,12,0.0,150.0,0.030363983435650464,0.06373774391990981,0.06373751547064342,-0.00035842069760098737
fixed_kr_adjust_w0,12,62.5,150.0,0.030363983435650464,0.06375067264763855,0.0637504494660748,-0.00035008503357659504
fixed_kr_adjust_w0,12,125.0,150.0,0.030363983435650464,0.06378944310860128,0.06378923571727994,-0.0003251185638749497
fixed_kr_adjust_w0,12,187.5,150.0,0.030363983435650464,0.06385400824949714,0.06385382713564901,-0.000283637398954782
fixed_kr_adjust_w0,12,250.0,150.0,0.030363983435650464,0.06394428988128588,0.06394414545888692,-0.0002258565999008615
fixed_kr_adjust_w0,12,312.5,150.0,0.030363983435650464,0.06406017929590876,0.06406008190623155,-0.00015202841809380205
fixed_kr_adjust_w0,12,375.0,150.0,0.030363983435650464,0.06420153797306873,0.06420149783584375,-6.251754434767334e-05
fixed_kr_adjust_w0,12,437.5,150.0,0.030363983435650464,0.06436819794400113,0.06436822516198791,4.2284835758099985e-05
fixed_kr_adjust_w0,12,500.0,150.0,0.030363983435650464,0.0645599630861702,0.06456006752441952,0.00016176937583915808
fixed_kr_adjust_w0,12,562.5,150.0,0.030363983435650464,0.06477661092785071,0.06477680239898348,0.00029558683300297814
fixed_kr_adjust_w0,12,625.0,150.0,0.030363983435650464,0.06501789204285134,0.06501818007465926,0.00044300391610457493
fixed_kr_adjust_w0,12,687.5,150.0,0.030363983435650464,0.06528353418758899,0.06528392812651874,0.0006034277014212133
fixed_kr_adjust_w0,12,750.0,150.0,0.030363983435650464,0.06557324082603715,0.06557374979633086,0.0007761859674847166
fixed_kr_adjust_w0,12,812.5,150.0,0.030363983435650464,0.06588669420050841,0.06588732703935693,0.0009604956754894404
fixed_kr_adjust_w0,12,875.0,150.0,0.030363983435650464,0.06622355793999858,0.06622432337824126,0.0011558398045776576
fixed_kr_adjust_w0,12,937.5,150.0,0.030363983435650464,0.06658347539047504,0.0665843815642109,0.0013609589024000236
fixed_kr_adjust_w0,12,1000.0,150.0,0.030363983435650464,0.06696607599934691,0.06696713104141896,0.0015754873737327379
fixed_kr_adjust_w0,13,0.0,150.0,0.02976008483536954,0.06614378277661477,0.06614411405917174,0.0005008521482494503
fixed_kr_adjust_w0,13,62.5,150.0,0.02976008483536954,0.06615719955219249,0.06615753385686084,0.0005053186510516927
fixed_kr_adjust_w0,13,125.0,150.0,0.02976008483536954,0.06619743356320146,0.06619777692693757,0.0005186964473218182
fixed_kr_adjust_w0,13,187.5,150.0,0.02976008483536954,0.06626443597694444,0.06626479441608164,0.0005409223392913099
fixed_kr_adjust_w0,13,250.0,150.0,0.02976008483536954,0.0663581256623323,0.06635850515387007,0.0005718840518411998
fixed_kr_adjust_w0,13,312.5,150.0,0.02976008483536954,0.06647838978801467,0.06647879626248882,0.0006114385072277424
fixed_kr_adjust_w0,13,375.0,150.0,0.02976008483536954,0.06662508462561433,0.06662552395294237,0.0006594022814578518
fixed_kr_adjust_w0,13,437.5,150.0,0.02976008483536954,0.06679803584204429,0.06679851382407613,0.0007155630039388177
fixed_kr_adjust_w0,13,500.0,150.0,0.02976008483536954,0.06699703997693864,0.06699756227659796,0.0007795861720274696
fixed_kr_adjust_w0,13,562.5,150.0,0.02976008483536954,0.06722186602121169,0.06722243826489814,0.0008512761104693044
fixed_kr_adjust_w0,13,625.0,150.0,0.02976008483536954,0.0674722552997068,0.06747288296804724,0.0009302613906316498
fixed_kr_adjust_w0,13,687.5,150.0,0.02976008483536954,0.06774792525734222,0.06774861373513816,0.0010162345095073974
fixed_kr_adjust_w0,13,750.0,150.0,0.02976008483536954,0.06804856798993646,0.06804932250947211,0.0011087956116398795
fixed_kr_adjust_w0,13,812.5,150.0,0.02976008483536954,0.06837385382156252,0.06837467946298136,0.0012075396846656966
fixed_kr_adjust_w0,13,875.0,150.0,0.02976008483536954,0.06872343391755117,0.06872433573635249,0.0013122435098309284
fixed_kr_adjust_w0,13,937.5,150.0,0.02976008483536954,0.06909693801607351,0.06909792065839297,0.001422121366983758
fixed_kr_adjust_w0,13,1000.0,150.0,0.02976008483536954,0.0694939814853466,0.0694950496798727,0.0015371036502229475
fixed_kr_adjust_w0,14,0.0,150.0,0.029282472927027268,0.06846531968814577,0.06846791594039704,0.0037920691279829766
fixed_kr_adjust_w0,14,62.5,150.0,0.029282472927027268,0.06847920737146497,0.06848180416789347,0.003792094751350987
fixed_kr_adjust_w0,14,125.0,150.0,0.029282472927027268,0.06852085353304063,0.06852345196131772,0.003792171496862539
fixed_kr_adjust_w0,14,187.5,150.0,0.029282472927027268,0.06859020761808177,0.06859280876351312,0.0037922985243547436
fixed_kr_adjust_w0,14,250.0,150.0,0.029282472927027268,0.06868718567233355,0.06868979061779293,0.0037924766226518566
fixed_kr_adjust_w0,14,312.5,150.0,0.029282472927027268,0.06881167086171339,0.06881428068040601,0.003792697750172368
fixed_kr_adjust_w0,14,375.0,150.0,0.029282472927027268,0.06896351444326368,0.06896613021337139,0.0037929768063998336
fixed_kr_adjust_w0,14,437.5,150.0,0.029282472927027268,0.0691425359146585,0.06914515870420539,0.003793308290163476
fixed_kr_adjust_w0,14,500.0,150.0,0.029282472927027268,0.06934852487502866,0.06935115572794068,0.00379366816635718
fixed_kr_adjust_w0,14,562.5,150.0,0.029282472927027268,0.06958124186738655,0.06958388182648714,0.0037940672367141465
fixed_kr_adjust_w0,14,625.0,150.0,0.029282472927027268,0.06984041943690673,0.06984306953866605,0.0037945100855389423
fixed_kr_adjust_w0,14,687.5,150.0,0.029282472927027268,0.07012576501718205,0.07012842630548118,0.00379502212698806
fixed_kr_adjust_w0,14,750.0,150.0,0.029282472927027268,0.0704369597403584,0.0704396332100536,0.0037955495311679174
fixed_kr_adjust_w0,14,812.5,150.0,0.029282472927027268,0.0707736625063184,0.07077634913690421,0.003796088107730308
fixed_kr_adjust_w0,14,875.0,150.0,0.029282472927027268,0.07113551216403269,0.07113821300296382,0.0037967519301742784
fixed_kr_adjust_w0,14,937.5,150.0,0.029282472927027268,0.07152212593841378,0.07152484186393744,0.0037973221405592675
fixed_kr_adjust_w0,14,1000.0,150.0,0.029282472927027268,0.07193310510029098,0.07193583712962628,0.003798013906801743
fixed_kr_adjust_w0,15,0.0,150.0,0.028890856870342645,0.07071067811865475,0.07070985978120195,-0.0011573039243496848
fixed_kr_adjust_w0,15,62.5,150.0,0.028890856870342645,0.07072502125757041,0.07072420487005288,-0.0011543121557496473
fixed_kr_adjust_w0,15,125.0,150.0,0.028890856870342645,0.07076803323206847,0.07076722268941404,-0.0011453513930043272
fixed_kr_adjust_w0,15,187.5,150.0,0.028890856870342645,0.07083966182007481,0.0708388610014369,-0.001130466489168996
fixed_kr_adjust_w0,15,250.0,150.0,0.028890856870342645,0.07093982034189678,0.07093903310491866,-0.0011097250801110885
fixed_kr_adjust_w0,15,312.5,150.0,0.028890856870342645,0.07106838808905869,0.07106761824890989,-0.001083238510814012
fixed_kr_adjust_w0,15,375.0,150.0,0.028890856870342645,0.07122521145725197,0.07122446279960173,-0.0010511132714348143
fixed_kr_adjust_w0,15,437.5,150.0,0.028890856870342645,0.07141010396655839,0.07140938021390891,-0.0010135157481600706
fixed_kr_adjust_w0,15,500.0,150.0,0.028890856870342645,0.07162284859290605,0.0716221534206507,-0.0009706012382935755
fixed_kr_adjust_w0,15,562.5,150.0,0.028890856870342645,0.07186319760075187,0.07186253458705942,-0.0009226053314958331
fixed_kr_adjust_w0,15,625.0,150.0,0.028890856870342645,0.07213087509734095,0.07213024777067804,-0.0008697061585091275
fixed_kr_adjust_w0,15,687.5,150.0,0.028890856870342645,0.07242557878040069,0.07242499060126739,-0.0008121151990854291
fixed_kr_adjust_w0,15,750.0,150.0,0.028890856870342645,0.07274697923983477,0.07274643354512718,-0.00075012696511924
fixed_kr_adjust_w0,15,812.5,150.0,0.028890856870342645,0.07309472435358567,0.07309422438785218,-0.0006839970160851629
fixed_kr_adjust_w0,15,875.0,150.0,0.028890856870342645,0.07346844080323592,0.07346798975953113,-0.0006139285111498608
fixed_kr_adjust_w0,15,937.5,150.0,0.028890856870342645,0.07386773423084197,0.07386733515386339,-0.000540258859627636
fixed_kr_adjust_w0,15,1000.0,150.0,0.028890856870342645,0.07429219179866092,0.07429184767935726,-0.00046319713462770313
fixed_kr_adjust_w0,16,0.0,150.0,0.028566440294493924,0.07288689868556626,0.07288403119178287,-0.003934169014054431
fixed_kr_adjust_w0,16,62.5,150.0,0.028566440294493924,0.07290168325575018,0.07289881853120972,-0.003929572559265493
fixed_kr_adjust_w0,16,125.0,150.0,0.028566440294493924,0.07294601898724085,0.072943162562989,-0.003915805538820454
fixed_kr_adjust_w0,16,187.5,150.0,0.028566440294493924,0.07301985204331331,0.07301700942712216,-0.0038929361147657733
fixed_kr_adjust_w0,16,250.0,150.0,0.028566440294493924,0.0731230930988809,0.07312026976473912,-0.003861070452756759
fixed_kr_adjust_w0,16,312.5,150.0,0.028566440294493924,0.07325561770539117,0.0732528190682665,-0.003820372023789247
fixed_kr_adjust_w0,16,375.0,150.0,0.028566440294493924,0.07341726751731814,0.0734144989387481,-0.003771018268129149
fixed_kr_adjust_w0,16,437.5,150.0,0.028566440294493924,0.07360785027488052,0.07360511702352072,-0.0037132606774845606
fixed_kr_adjust_w0,16,500.0,150.0,0.028566440294493924,0.07382714255198009,0.07382444983593532,-0.0036473252948505345
fixed_kr_adjust_w0,16,562.5,150.0,0.028566440294493924,0.0740748885970511,0.07407224147637738,-0.003573573614285411
fixed_kr_adjust_w0,16,625.0,150.0,0.028566440294493924,0.07435080431033446,0.07434820776251694,-0.0034922928428363295
fixed_kr_adjust_w0,16,687.5,150.0,0.028566440294493924,0.07465457790949248,0.0746520367976953,-0.0034038258179667673
fixed_kr_adjust_w0,16,750.0,150.0,0.028566440294493924,0.07498586986117957,0.0749833888899093,-0.0033085850372405953
fixed_kr_adjust_w0,16,812.5,150.0,0.028566440294493924,0.07534431736183125,0.07534190109489682,-0.0032069663898262758
fixed_kr_adjust_w0,16,875.0,150.0,0.028566440294493924,0.07572953511250927,0.07572718798351254,-0.003099357461052238
fixed_kr_adjust_w0,16,937.5,150.0,0.028566440294493924,0.07614111784167346,0.07613884416890827,-0.0029861300039168035
fixed_kr_adjust_w0,16,1000.0,150.0,0.028566440294493924,0.0765786387288335,0.0765764426310039,-0.002867768174069969
fixed_kr_adjust_w0,17,0.0,150.0,0.02829619138442255,0.075,0.07500233174754237,0.003108996723159378
fixed_kr_adjust_w0,17,62.5,150.0,0.02829619138442255,0.075015213197781,0.0750175442691247,0.0031074647985829935
fixed_kr_adjust_w0,17,125.0,150.0,0.02829619138442255,0.07506083429082136,0.07506316333578761,0.0031028764711360365
fixed_kr_adjust_w0,17,187.5,150.0,0.02829619138442255,0.07513680787751886,0.07513913355186953,0.003095253067525964
fixed_kr_adjust_w0,17,250.0,150.0,0.02829619138442255,0.07524304205530616,0.07524536302786576,0.003084634135202035
fixed_kr_adjust_w0,17,312.5,150.0,0.02829619138442255,0.07537940876814579,0.0753817237178966,0.0030710638205314494
fixed_kr_adjust_w0,17,375.0,150.0,0.02829619138442255,0.07554574502970181,0.07554805266184912,0.003054615645667918
fixed_kr_adjust_w0,17,437.5,150.0,0.02829619138442255,0.07574185300293651,0.07574415203188357,0.0030353481673799395
fixed_kr_adjust_w0,17,500.0,150.0,0.02829619138442255,0.07596750299270254,0.07596979219450323,0.003013396137174223
fixed_kr_adjust_w0,17,562.5,150.0,0.02829619138442255,0.07622243156378632,0.0762247096996851,0.0029887998218480153
fixed_kr_adjust_w0,17,625.0,150.0,0.02829619138442255,0.07650634656641776,0.0765086124565067,0.002961702120970202
fixed_kr_adjust_w0,17,687.5,150.0,0.02829619138442255,0.07681892697957556,0.0768211794844892,0.0029322264736211484
fixed_kr_adjust_w0,17,750.0,150.0,0.02829619138442255,0.07715982353771159,0.07716206154117991,0.002900477691256853
fixed_kr_adjust_w0,17,812.5,150.0,0.02829619138442255,0.07752866306105392,0.07753088548554661,0.002866584312097588
fixed_kr_adjust_w0,17,875.0,150.0,0.02829619138442255,0.07792504850992155,0.07792725431715801,0.0028306780408131615
fixed_kr_adjust_w0,17,937.5,150.0,0.02829619138442255,0.07834856407769449,0.07835075235847465,0.0027930068737356648
fixed_kr_adjust_w0,17,1000.0,150.0,0.02829619138442255,0.07879876930374437,0.07880093909084118,0.00275357993022803
fixed_kr_adjust_w0,18,0.0,150.0,0.028062200727765368,0.0770551750371122,0.07705676342352964,0.002061362415530832
fixed_kr_adjust_w0,18,62.5,150.0,0.028062200727765368,0.07707080511215829,0.07707239308214898,0.002060404051035019
fixed_kr_adjust_w0,18,125.0,150.0,0.028062200727765368,0.0771176763300421,0.07711926305215645,0.0020575336159787323
fixed_kr_adjust_w0,18,187.5,150.0,0.028062200727765368,0.0771957317702977,0.07719731641699411,0.002052764654293229
fixed_kr_adjust_w0,18,250.0,150.0,0.028062200727765368,0.07730487701419969,0.07730645876575487,0.0020461213008451684
fixed_kr_adjust_w0,18,312.5,150.0,0.028062200727765368,0.07744498052040447,0.07744655856497865,0.0020376331217024347
fixed_kr_adjust_w0,18,375.0,150.0,0.028062200727765368,0.0776158747564375,0.07761744829619548,0.0020273426833324797
fixed_kr_adjust_w0,18,437.5,150.0,0.028062200727765368,0.07781735650726623,0.0778189247484346,0.0020152845570177696
fixed_kr_adjust_w0,18,500.0,150.0,0.028062200727765368,0.07804918987870493,0.07805075207629941,0.0020015551691271263
fixed_kr_adjust_w0,18,562.5,150.0,0.028062200727765368,0.07831110411218274,0.07831265950420842,0.0019861704713650522
fixed_kr_adjust_w0,18,625.0,150.0,0.028062200727765368,0.07860279913096783,0.07860434699369488,0.0019692208727427815
fixed_kr_adjust_w0,18,687.5,150.0,0.028062200727765368,0.07892394490770177,0.07892548453994865,0.0019507796381380016
fixed_kr_adjust_w0,18,750.0,150.0,0.028062200727765368,0.07927418278877361,0.0792757135074846,0.001930917049069825
fixed_kr_adjust_w0,18,812.5,150.0,0.028062200727765368,0.07965312950268885,0.07965465064997436,0.0019097144016873978
fixed_kr_adjust_w0,18,875.0,150.0,0.028062200727765368,0.08006037656116613,0.08006188748762108,0.0018872337601314032
fixed_kr_adjust_w0,18,937.5,150.0,0.028062200727765368,0.08049549774342758,0.08049699793352251,0.0018636944139523647
fixed_kr_adjust_w0,18,1000.0,150.0,0.028062200727765368,0.08095803951979198,0.08095952835073858,0.0018390155634057232
fixed_kr_adjust_w0,19,0.0,150.0,0.02786050354723354,0.07905694150420949,0.07905985194634499,0.003681450458526341
fixed_kr_adjust_w0,19,62.5,150.0,0.02786050354723354,0.07907297762266802,0.07907588670955286,0.003678989930952054
fixed_kr_adjust_w0,19,125.0,150.0,0.02786050354723354,0.07912106647701243,0.07912397150215719,0.0036716203081043936
fixed_kr_adjust_w0,19,187.5,150.0,0.02786050354723354,0.07920114966961295,0.07920404793854458,0.003659377349594361
fixed_kr_adjust_w0,19,250.0,150.0,0.02786050354723354,0.07931313032429929,0.07931601916235309,0.0036423200572054735
fixed_kr_adjust_w0,19,312.5,150.0,0.02786050354723354,0.07945687352026204,0.07945975028112245,0.0036205311547799876
fixed_kr_adjust_w0,19,375.0,150.0,0.02786050354723354,0.07963220727792059,0.0796350693480648,0.003594111279908842
fixed_kr_adjust_w0,19,437.5,150.0,0.02786050354723354,0.07983892318996441,0.07984176799168041,0.003563176458720794
fixed_kr_adjust_w0,19,500.0,150.0,0.02786050354723354,0.08007677920194534,0.08007960423052213,0.003527899854297646
fixed_kr_adjust_w0,19,562.5,150.0,0.02786050354723354,0.08034549757824695,0.0803483003597941,0.003488411462525408
fixed_kr_adjust_w0,19,625.0,150.0,0.02786050354723354,0.08064477043466386,0.08064754856546695,0.0034448988919080574
fixed_kr_adjust_w0,19,687.5,150.0,0.02786050354723354,0.08097425896535629,0.08097701010377467,0.003397546891488299
fixed_kr_adjust_w0,19,750.0,150.0,0.02786050354723354,0.08133359541920394,0.08133631729400047,0.003346556588941119
fixed_kr_adjust_w0,19,812.5,150.0,0.02786050354723354,0.08172238669802522,0.08172507711556731,0.0032921426438990297
fixed_kr_adjust_w0,19,875.0,150.0,0.02786050354723354,0.0821402131999423,0.08214287001812841,0.0032344914659994143
fixed_kr_adjust_w0,19,937.5,150.0,0.02786050354723354,0.08258663822729051,0.08258925948875062,0.0031739534583035975
fixed_kr_adjust_w0,19,1000.0,150.0,0.02786050354723354,0.0830611959306395,0.08306377962465913,0.0031105909211702138
fixed_kr_adjust_w0,20,0.0,150.0,0.02768110888334895,0.08100925873009826,0.08100645804466805,-0.0034572411525712033
fixed_kr_adjust_w0,20,62.5,150.0,0.02768110888334895,0.08102569086137977,0.08102289219916745,-0.003454043011016031
fixed_kr_adjust_w0,20,125.0,150.0,0.02768110888334895,0.0810749672726146,0.0810721746744464,-0.0034444641325686626
fixed_kr_adjust_w0,20,187.5,150.0,0.02768110888334895,0.08115702812643302,0.08115424561652701,-0.003428550761713712
fixed_kr_adjust_w0,20,250.0,150.0,0.02768110888334895,0.08127177414713004,0.08126900572141944,-0.003406380308100798
fixed_kr_adjust_w0,20,312.5,150.0,0.02768110888334895,0.08141906712241063,0.0814163167405393,-0.0033780562324557417
fixed_kr_adjust_w0,20,375.0,150.0,0.02768110888334895,0.08159873073313428,0.08159600230110955,-0.0033437187076502243
fixed_kr_adjust_w0,20,437.5,150.0,0.02768110888334895,0.08181055154380747,0.08180784890713455,-0.0033035306838982057
fixed_kr_adjust_w0,20,500.0,150.0,0.02768110888334895,0.08205428137573587,0.08205160832649601,-0.003257659679714577
fixed_kr_adjust_w0,20,562.5,150.0,0.02768110888334895,0.08232963581922556,0.08232699605979105,-0.00320632954129692
fixed_kr_adjust_w0,20,625.0,150.0,0.02768110888334895,0.08263629931412947,0.0826336964655191,-0.003149764246427011
fixed_kr_adjust_w0,20,687.5,150.0,0.02768110888334895,0.0829739245021719,0.08297136208569138,-0.003088218974698692
fixed_kr_adjust_w0,20,750.0,150.0,0.02768110888334895,0.08334213477607905,0.08333961621739644,-0.003021951248757748
fixed_kr_adjust_w0,20,812.5,150.0,0.02768110888334895,0.08374052745060437,0.08373805607734833,-0.002951227238804835
fixed_kr_adjust_w0,20,875.0,150.0,0.02768110888334895,0.08416867217443623,0.08416625117244049,-0.002876369477139817
fixed_kr_adjust_w0,20,937.5,150.0,0.02768110888334895,0.08462612161507738,0.08462375414241578,-0.002797567248044296
fixed_kr_adjust_w0,20,1000.0,150.0,0.02768110888334895,0.08511239844084646,0.08511008742229575,-0.0027152548783050063
